sample_no,0 1–5,0 6–10,0 11–15,0 16–20,0 21–25,0 26–30,0 31–35,0 36–40,0 41–45,0 U,1 6–10,1 11–15,2 1–5,2 6–10,2 11–15,3 1–5,3 6–10,3 11–15,3 16–20,3 21–25,3 26–30,3 31–35,3 U,4 1–5,4 6–10,4 11–15,4 16–20,4 21–25,4 26–30,4 31–35,4 36–40,4 U,5 1–5,5 6–10,5 11–15,5 16–20,5 21–25,5 26–30,5 31–35,5 36–40,5 U,6 11–15,6 16–20,6 21–25,6 26–30,6 31–35,6 U,7 21–25,7 26–30,U 1–5,U 6–10,U 11–15,U 16–20,U 21–25,U 26–30,U 31–35,U 36–40,U U
1,0,0,1,0,0,0,0,0,1,0,0,0,0,0,0,32,48,45,20,10,4,0,3,0,0,1,5,11,0,0,0,1,0,0,0,0,3,1,0,0,0,0,0,1,0,0,0,0,0,0,0,0,1,2,16,8,1,0
5,0,2,0,1,0,0,0,0,0,0,0,0,1,0,0,29,68,43,12,6,2,0,9,0,1,4,4,6,4,0,0,0,0,0,2,0,4,2,0,0,0,0,0,0,0,0,0,0,0,0,0,0,0,5,7,6,0,3
9,0,3,0,0,0,1,0,0,0,0,0,0,0,0,0,46,106,45,19,3,3,0,12,0,0,3,4,1,0,2,0,0,0,0,1,2,0,2,0,1,1,0,0,1,0,0,0,0,0,0,0,0,0,0,0,0,0,0
13,0,3,1,2,0,0,0,0,0,0,0,0,0,0,0,26,64,20,22,6,2,0,9,1,0,0,1,2,1,0,0,0,0,0,0,1,0,0,0,0,0,0,0,0,0,0,0,0,0,0,1,1,0,1,2,0,0,2
17,0,0,0,0,1,0,0,0,0,0,0,0,0,0,0,19,41,10,3,3,0,0,10,0,1,1,1,3,0,0,0,2,0,1,0,0,1,0,0,0,0,0,0,0,0,0,0,0,0,0,0,0,1,6,4,0,0,1
21,0,0,0,0,0,0,0,0,0,0,0,0,1,0,0,6,13,11,4,0,0,0,9,1,1,0,0,0,1,0,0,0,0,1,0,0,0,0,0,0,0,0,0,0,0,0,0,0,0,0,0,0,0,1,0,0,0,1
25,0,0,0,0,0,0,0,0,0,0,0,0,0,1,0,18,44,12,4,2,0,0,17,1,1,3,2,0,0,0,0,3,0,0,0,0,0,0,0,0,0,0,0,0,0,0,0,0,0,0,0,0,0,1,0,0,0,0
29,0,0,0,0,0,0,0,0,0,0,0,0,0,0,0,16,34,30,12,3,0,0,5,0,1,6,8,8,0,0,0,0,0,0,0,7,4,3,0,0,0,0,0,0,0,0,0,0,0,0,0,0,0,1,1,0,0,0
33,0,10,0,3,1,0,0,0,0,0,0,0,0,0,3,49,118,54,12,4,0,0,18,0,0,6,4,2,0,0,0,0,0,0,6,3,2,0,0,0,2,0,0,0,0,0,0,0,0,0,0,0,0,0,1,0,0,0
37,0,1,3,1,0,0,0,0,0,0,0,0,1,2,2,39,88,38,9,2,0,0,4,1,6,8,3,2,0,0,0,0,0,0,0,0,1,0,0,0,0,0,0,0,0,0,0,0,0,0,1,0,0,0,0,0,0,2
41,0,0,0,2,1,1,0,0,0,0,0,1,0,2,1,17,123,46,7,0,0,0,11,1,2,7,7,1,0,0,0,3,0,0,0,3,0,0,0,0,0,0,1,0,0,0,0,0,0,0,0,0,0,0,0,0,0,0
45,0,3,2,2,1,0,0,0,0,0,0,0,0,3,4,22,87,40,12,2,0,0,3,0,1,1,0,0,0,0,0,1,0,0,0,0,0,0,0,0,0,0,0,0,0,0,0,0,0,0,1,0,0,0,0,0,0,0
49,0,0,0,3,2,0,0,0,0,0,0,0,0,1,1,37,93,45,12,2,0,0,19,1,1,4,3,0,0,0,0,1,0,0,0,0,0,0,0,0,0,0,0,0,0,0,0,0,0,0,0,0,0,0,0,0,0,0
53,0,0,0,0,0,0,0,0,0,0,0,0,0,0,0,27,100,34,10,2,0,0,17,0,3,3,2,0,0,0,0,0,0,0,0,0,0,0,0,0,0,0,0,0,0,0,0,0,0,0,1,1,0,0,0,0,0,0
57,0,0,1,4,0,0,0,0,0,1,0,0,0,1,0,47,129,32,14,5,0,0,10,2,1,3,2,0,0,0,0,0,0,0,0,0,0,0,0,0,0,0,0,0,0,0,0,0,0,0,0,0,0,0,0,0,0,0
61,0,1,2,0,0,0,0,0,0,1,0,0,0,0,0,43,71,28,13,3,0,0,4,0,1,0,0,0,0,0,0,0,0,0,0,1,0,0,0,0,0,0,0,0,0,0,0,0,0,0,0,0,0,0,1,0,0,0
65,0,0,0,0,1,0,0,0,0,0,1,0,0,0,0,33,103,40,23,6,0,0,26,0,1,0,1,0,0,0,0,0,0,0,0,1,0,0,0,0,0,0,0,0,0,0,0,0,0,0,0,0,0,0,0,0,0,1
69,0,4,0,1,1,0,0,0,0,0,0,0,0,0,0,19,101,47,16,1,0,0,4,0,2,1,1,0,0,0,0,1,0,0,0,0,0,0,0,0,0,0,0,0,0,0,0,0,0,0,0,0,0,0,0,0,0,0
73,0,0,1,1,0,0,0,0,0,0,0,0,0,0,0,24,100,70,25,4,1,0,11,0,4,10,8,1,0,0,0,0,0,0,2,2,1,0,0,0,0,0,0,0,0,0,0,0,0,0,0,0,0,0,0,0,0,0
77,0,0,1,4,0,0,0,0,0,1,0,0,0,0,0,27,59,51,14,3,0,0,3,0,1,5,2,1,0,0,0,0,0,0,0,0,0,0,0,0,0,0,0,0,0,0,0,0,0,0,0,0,1,0,0,0,0,0
81,0,0,0,1,1,0,0,0,0,1,0,0,0,0,0,10,78,36,9,2,0,0,22,0,2,5,5,0,0,0,0,0,0,0,1,3,0,0,0,0,0,0,0,0,0,0,0,0,0,0,0,0,1,0,0,0,0,0
85,0,4,1,2,0,0,0,0,0,1,0,0,0,0,0,16,98,46,12,2,0,0,3,0,5,2,2,1,0,0,0,0,0,0,2,0,0,0,0,0,0,0,0,0,0,0,0,0,0,0,0,0,0,0,0,0,0,0
89,0,2,0,3,1,0,0,0,0,0,0,0,0,0,1,6,87,29,4,1,0,0,12,0,5,6,8,1,0,0,0,2,0,0,0,0,1,0,0,0,0,0,0,0,0,0,0,0,0,0,0,0,0,0,0,0,0,3
93,0,3,2,0,0,0,0,0,0,0,0,0,0,0,0,23,102,31,2,0,0,0,11,0,1,0,0,0,0,0,0,1,0,0,0,0,0,0,0,0,0,0,0,0,0,0,0,0,0,0,0,0,1,0,0,0,0,0
97,0,0,0,4,0,0,0,0,0,0,0,0,0,0,0,92,222,47,2,0,0,0,46,0,1,1,0,0,0,0,0,0,0,0,0,0,0,0,0,0,0,0,0,0,0,0,0,0,0,0,0,0,0,0,0,0,0,0
101,0,1,2,0,0,0,0,0,0,0,0,0,0,0,0,31,102,37,5,0,0,0,25,0,1,0,2,0,0,0,0,1,0,0,0,0,0,0,0,0,0,0,0,0,0,0,0,0,0,0,0,0,0,0,0,0,0,0
105,0,0,0,2,0,0,0,0,0,0,0,0,0,0,0,21,101,42,6,0,0,0,19,1,1,2,3,0,0,0,0,1,0,0,0,0,0,0,0,0,0,0,0,0,0,0,0,0,0,0,0,0,0,0,0,0,0,1
109,0,0,1,1,1,0,0,0,0,2,0,0,0,0,0,23,128,57,11,0,0,0,11,0,0,0,1,0,0,0,0,0,0,0,1,1,0,0,0,0,0,0,0,0,0,0,0,0,0,0,0,0,0,0,0,0,0,0
113,0,0,0,1,0,0,0,0,0,0,0,0,0,0,0,34,127,45,14,0,0,0,16,0,0,4,3,0,0,0,0,1,0,0,0,0,0,0,0,0,0,0,0,0,0,0,0,0,0,0,0,0,0,0,0,0,0,0
117,0,1,1,0,0,0,0,0,0,2,0,0,0,0,0,46,146,26,3,0,0,0,5,0,0,0,2,0,0,0,0,0,0,0,0,0,0,0,0,0,0,0,0,0,0,0,0,0,0,0,0,0,0,0,0,0,0,0
120,0,0,4,0,0,0,0,0,0,0,0,0,0,0,0,109,111,17,1,0,0,0,12,0,0,0,0,0,0,0,0,0,0,0,0,0,0,0,0,0,0,0,0,0,0,0,0,0,0,0,1,0,0,0,0,0,0,0
125,0,0,2,0,0,0,0,0,0,0,0,0,0,0,0,39,116,31,2,0,0,0,0,0,2,1,0,0,0,0,0,0,0,0,0,0,0,0,0,0,0,0,0,0,0,0,0,0,0,0,0,0,0,0,0,0,0,0
129,0,4,0,2,0,0,0,0,0,0,0,0,1,0,0,32,63,19,2,0,0,0,5,1,0,0,0,0,0,0,0,0,0,0,0,0,0,0,0,0,0,0,0,0,0,0,0,0,0,2,0,0,0,0,0,0,0,0
133,0,0,3,1,0,0,0,0,0,1,0,0,0,0,0,13,93,24,2,0,0,0,1,0,0,0,0,0,0,0,0,0,0,0,0,0,0,0,0,0,0,0,0,0,0,0,0,0,0,0,0,0,0,0,0,0,0,0
137,0,0,0,0,0,0,0,0,0,0,0,0,0,0,0,13,74,19,2,0,0,0,3,1,1,0,0,0,0,0,0,0,0,0,0,0,0,0,0,0,0,0,2,0,0,0,0,0,0,0,0,0,0,0,0,0,0,0
141,0,0,0,0,0,0,0,0,0,0,0,0,0,0,0,26,79,10,0,0,0,0,2,0,0,2,0,0,0,0,0,0,0,0,0,0,0,0,0,0,0,0,0,0,0,0,0,0,0,0,0,0,0,0,0,0,0,0
145,0,1,1,0,0,0,0,0,0,0,0,0,0,0,0,39,118,48,3,0,0,0,8,1,2,0,0,0,0,0,0,0,0,0,0,0,0,0,0,0,0,0,0,0,0,0,0,0,0,0,0,0,0,0,0,0,0,0
149,0,0,0,1,0,0,0,0,0,0,0,0,0,0,0,5,47,14,4,0,0,0,1,0,2,0,0,0,0,0,0,0,0,0,0,0,0,0,0,0,0,0,0,0,0,0,0,0,0,0,0,0,0,0,0,0,0,0
153,0,0,0,0,0,0,0,0,0,0,0,0,0,0,0,0,0,0,0,0,0,0,0,0,0,0,0,0,0,0,0,0,0,0,0,0,0,0,0,0,0,0,0,0,0,0,0,0,0,0,0,0,0,0,0,0,0,0
157,0,0,1,1,0,0,0,0,0,0,0,0,0,0,0,14,72,16,1,0,0,0,1,2,1,1,0,0,0,0,0,0,0,1,0,0,0,0,0,0,0,0,0,0,0,0,0,0,0,0,0,0,0,0,0,0,0,0
161,0,1,1,0,0,0,0,0,0,1,0,0,0,0,0,38,79,17,9,0,0,0,0,0,0,0,0,0,0,0,0,0,0,0,0,0,0,0,0,0,0,0,0,0,0,0,0,0,0,0,0,0,0,0,0,0,0,0
165,0,1,3,4,1,0,0,0,0,1,0,0,0,0,0,18,134,52,4,0,0,0,4,1,2,1,2,0,0,0,0,0,0,0,1,0,0,0,0,0,0,0,0,0,0,0,0,0,0,0,0,1,0,0,0,0,0,0
169,0,0,0,0,0,0,0,0,0,0,0,0,0,0,0,0,0,0,0,0,0,0,0,0,0,0,0,0,0,0,0,0,0,0,0,0,0,0,0,0,0,0,0,0,0,0,0,0,0,0,0,0,0,0,0,0,0,0
173,0,0,0,0,0,0,0,0,0,0,0,0,0,0,0,0,0,0,0,0,0,0,0,0,0,0,0,0,0,0,0,0,0,0,0,0,0,0,0,0,0,0,0,0,0,0,0,0,0,0,0,0,0,0,0,0,0,0
177,0,0,0,0,0,0,0,0,0,0,0,0,0,0,0,0,0,0,0,0,0,0,0,0,0,0,0,0,0,0,0,0,0,0,0,0,0,0,0,0,0,0,0,0,0,0,0,0,0,0,0,0,0,0,0,0,0,0
181,0,0,1,3,0,0,0,0,0,2,0,0,0,0,0,9,81,16,2,0,0,0,2,0,0,0,1,0,0,0,0,0,0,0,0,0,0,0,0,0,0,0,0,0,0,0,0,0,0,0,0,0,0,0,0,0,0,0
185,0,0,6,8,0,0,0,0,0,6,0,0,0,0,0,6,92,80,7,0,0,0,19,0,0,5,0,0,0,0,0,0,0,0,3,0,0,0,0,0,0,0,0,0,0,0,0,0,0,0,0,2,0,0,0,0,0,1
189,0,0,0,0,0,0,0,0,0,0,0,0,0,0,0,0,4,0,0,0,0,0,0,0,0,1,0,0,0,0,0,0,0,0,0,0,0,0,0,0,0,0,0,0,0,0,0,0,0,0,0,0,0,0,0,0,0,0
193,0,0,0,0,0,0,0,0,0,0,0,0,0,0,0,0,0,0,0,0,0,0,0,0,0,0,0,0,0,0,0,0,0,0,0,0,0,0,0,0,0,0,0,0,0,0,0,0,0,0,0,0,0,0,0,0,0,0
197,0,0,0,0,0,0,0,0,0,0,0,0,0,0,0,0,0,0,0,0,0,0,0,0,0,0,0,0,0,0,0,0,0,0,0,0,0,0,0,0,0,0,0,0,0,0,0,0,0,0,0,0,0,0,0,0,0,0
201,0,0,0,0,0,0,0,0,0,0,0,0,0,0,0,0,0,0,0,0,0,0,0,0,0,0,0,0,0,0,0,0,0,0,0,0,0,0,0,0,0,0,0,0,0,0,0,0,0,0,0,0,0,0,0,0,0,0
205,0,0,0,0,0,0,0,0,0,0,0,0,0,0,0,0,0,0,0,0,0,0,0,0,0,0,0,0,0,0,0,0,0,0,0,0,0,0,0,0,0,0,0,0,0,0,0,0,0,0,0,0,0,0,0,0,0,0
209,0,3,5,3,0,0,0,0,0,1,0,0,0,0,0,18,101,32,0,0,0,0,11,0,3,2,1,0,0,0,0,1,0,2,0,0,0,0,0,0,0,0,0,0,0,0,0,0,0,0,1,0,0,0,0,0,0,0
213,0,1,6,5,0,0,0,0,0,2,0,0,0,0,0,30,146,31,5,0,0,0,13,0,1,3,0,0,0,0,0,0,0,0,0,0,0,0,0,0,0,0,0,0,0,0,0,0,0,0,0,0,0,0,0,0,0,0
217,0,4,3,2,0,0,0,0,0,1,0,0,0,0,0,64,148,22,3,0,0,0,23,0,0,0,0,0,0,0,0,0,0,0,0,0,0,0,0,0,0,0,0,0,0,0,0,0,0,0,0,0,0,0,0,0,0,0
221,0,5,7,0,0,0,0,0,0,0,0,0,0,0,0,22,82,16,0,0,0,0,2,1,1,0,0,0,0,0,0,0,0,0,0,0,0,0,0,0,0,0,0,0,0,0,0,0,0,0,0,0,0,0,0,0,0,0
225,0,0,4,1,0,0,0,0,0,0,0,0,0,0,0,59,130,17,0,0,0,0,7,0,2,0,0,0,0,0,0,0,0,0,0,0,0,0,0,0,0,0,0,0,0,0,0,0,0,0,0,0,0,0,0,0,0,0
229,0,0,6,4,0,0,0,0,0,0,0,0,0,0,0,20,93,25,1,0,0,0,4,0,0,0,0,0,0,0,0,0,0,0,0,0,0,0,0,0,0,0,0,0,0,0,0,0,0,0,0,0,0,0,0,0,0,0
233,0,4,3,0,0,0,0,0,0,0,0,0,0,1,0,65,136,16,0,0,0,0,12,1,1,1,0,0,0,0,0,0,0,0,0,0,0,0,0,0,0,0,0,0,0,0,0,0,0,0,0,0,0,0,0,0,0,0
237,0,5,9,3,0,0,0,0,0,1,0,0,0,0,0,33,123,22,2,0,0,0,5,0,1,0,0,0,0,0,0,0,0,0,0,0,0,0,0,0,0,0,0,0,0,0,0,0,0,0,0,0,0,0,0,0,0,0
241,0,0,5,1,0,0,0,0,0,0,0,0,0,0,0,81,117,20,3,0,0,0,3,2,0,0,0,0,0,0,0,0,0,0,0,0,0,0,0,0,0,0,0,0,0,0,0,0,0,0,0,0,0,0,0,0,0,0
245,0,1,2,0,0,0,0,0,0,1,0,0,0,0,0,37,127,20,3,0,0,0,18,0,3,0,0,0,0,0,0,0,0,0,1,0,0,0,0,0,0,0,0,0,0,0,0,0,0,0,0,0,0,0,0,0,0,0
249,0,4,3,0,0,0,0,0,0,0,0,0,0,1,0,46,77,12,0,0,0,0,21,0,0,0,0,0,0,0,0,0,0,0,0,0,0,0,0,0,0,0,0,0,0,0,0,0,0,0,0,0,0,0,0,0,0,0
253,0,6,1,1,0,0,0,0,0,0,0,0,0,0,0,42,95,14,0,0,0,0,13,0,1,1,2,0,0,0,0,0,0,0,0,0,0,0,0,0,0,0,0,0,0,0,0,0,0,0,0,0,0,0,0,0,0,0
257,0,2,3,1,0,0,0,0,0,0,0,0,0,0,0,29,61,8,1,0,0,0,22,0,2,1,0,0,0,0,0,0,0,0,0,0,0,0,0,0,0,0,0,0,0,0,0,0,0,0,2,0,0,0,0,0,0,0
261,0,0,3,0,0,0,0,0,0,1,0,0,0,0,0,46,103,23,1,0,0,0,32,2,3,0,0,0,0,0,0,0,0,0,0,0,0,0,0,0,0,0,0,0,0,0,0,0,0,0,0,0,0,0,0,0,0,0
265,0,3,4,1,0,0,0,0,0,0,0,0,0,0,0,57,169,41,5,0,0,0,16,0,1,2,2,0,0,0,0,1,0,0,1,0,0,0,0,0,0,0,0,0,0,0,0,0,0,0,0,0,0,0,0,0,0,0
269,0,9,1,2,0,0,0,0,0,2,0,0,1,0,0,47,177,40,9,0,0,0,6,1,1,2,1,0,0,0,0,1,0,0,1,0,0,0,0,0,0,0,0,0,0,0,0,0,0,0,0,0,0,0,0,0,0,0
273,0,0,3,1,0,0,0,0,0,0,0,0,0,0,0,55,108,43,2,0,0,0,14,0,1,1,0,0,0,0,0,0,0,0,0,0,0,0,0,0,0,0,0,0,0,0,0,0,0,0,0,0,0,0,0,0,0,0
277,0,5,1,0,0,0,0,0,0,0,0,0,0,0,0,36,100,48,6,0,0,0,3,0,1,1,1,0,0,0,0,1,0,0,0,1,0,0,0,0,0,0,0,0,0,0,0,0,0,0,0,1,0,0,0,0,0,0
281,0,6,5,0,0,0,0,0,0,1,0,0,0,0,0,33,169,26,1,0,0,0,7,0,3,3,0,0,0,0,0,0,0,0,1,0,0,0,0,0,0,0,0,0,0,0,0,0,0,0,0,0,0,0,0,0,0,0
285,0,16,3,0,0,0,0,0,0,0,0,0,0,0,0,52,175,36,0,0,0,0,3,1,2,1,0,0,0,0,0,0,0,0,0,0,0,0,0,0,0,0,0,0,0,0,0,0,0,0,0,0,0,0,0,0,0,0
289,0,0,10,0,0,0,0,0,0,1,0,0,0,0,0,40,103,40,3,0,0,0,5,0,1,2,0,0,0,0,0,0,1,0,0,0,0,0,0,0,0,0,0,0,0,0,0,0,0,0,11,0,0,0,0,0,0,0
293,0,7,9,1,0,0,0,0,0,1,0,0,0,1,0,80,146,21,0,0,0,0,7,2,1,0,0,0,0,0,0,0,0,0,0,0,0,0,0,0,0,0,0,0,0,0,0,0,0,0,0,0,0,0,0,0,0,0
297,0,4,2,1,0,0,0,0,0,0,0,0,0,0,0,75,155,17,0,0,0,0,9,0,2,0,0,0,0,0,0,0,0,0,2,0,0,0,0,0,0,0,0,0,0,0,0,0,0,0,0,0,0,0,0,0,0,0
301,0,0,6,1,0,0,0,0,0,1,0,0,0,0,0,60,131,34,1,0,0,0,2,0,2,2,0,0,0,0,0,0,0,0,0,0,0,0,0,0,0,0,0,0,0,0,0,0,0,0,0,0,0,0,0,0,0,0
305,0,1,2,0,0,0,0,0,0,0,0,0,2,0,0,51,68,20,0,0,0,0,4,3,3,0,0,0,0,0,0,0,2,0,1,0,0,0,0,0,0,0,0,0,0,0,0,0,0,0,6,0,0,0,0,0,0,0
309,0,1,3,5,0,0,0,0,0,0,0,0,0,0,0,47,108,37,2,0,0,0,1,1,1,0,2,0,0,0,0,0,0,0,0,0,0,0,0,0,0,0,0,0,0,0,0,0,0,0,0,0,0,0,0,0,0,0
313,0,1,3,3,0,0,0,0,0,2,0,0,0,0,0,29,94,30,6,0,0,0,11,0,0,1,0,0,0,0,0,0,0,0,0,0,0,0,0,0,0,0,0,0,0,0,0,0,0,0,0,0,0,0,0,0,0,0
317,0,3,7,0,0,0,0,0,0,1,0,0,0,1,0,52,104,29,0,0,0,0,3,0,2,0,0,0,0,0,0,0,0,0,0,0,0,0,0,0,0,0,0,0,0,0,0,0,0,0,0,0,0,0,0,0,0,0
321,0,4,2,1,0,0,0,0,0,0,0,0,0,0,0,3,38,3,0,0,0,0,9,0,0,0,0,0,0,0,0,0,0,0,0,0,0,0,0,0,0,0,0,0,0,0,0,0,0,0,0,0,0,0,0,0,0,0
325,0,0,7,1,0,0,0,0,0,1,0,0,0,0,0,72,94,18,1,0,0,0,0,0,2,2,0,0,0,0,0,0,0,0,1,0,0,0,0,0,0,0,0,0,0,0,0,0,0,0,0,0,0,0,0,0,0,0
329,0,3,7,5,0,0,0,0,0,0,0,0,0,0,0,49,103,24,1,0,0,0,9,0,0,0,1,0,0,0,0,0,0,1,0,0,0,0,0,0,0,0,0,0,0,0,0,0,0,0,0,0,0,0,0,0,0,0
333,0,3,1,1,0,0,0,0,0,1,0,0,0,0,0,43,104,21,1,0,0,0,6,0,0,1,0,0,0,0,0,0,0,0,0,0,0,0,0,0,0,0,0,0,0,0,0,0,0,0,0,0,0,0,0,0,0,0
337,1,1,2,0,0,0,0,0,0,0,0,0,0,0,0,39,114,8,1,0,0,0,30,0,0,0,0,0,0,0,0,0,0,0,0,0,0,0,0,0,0,0,0,0,0,0,0,0,0,0,0,0,0,0,0,0,0,0
341,0,0,0,0,0,0,0,0,0,0,0,0,0,0,0,0,0,0,0,0,0,0,0,0,0,0,0,0,0,0,0,0,0,0,0,0,0,0,0,0,0,0,0,0,0,0,0,0,0,0,0,0,0,0,0,0,0,0
345,0,0,0,0,0,0,0,0,0,0,0,0,0,0,0,0,0,0,0,0,0,0,0,0,0,0,0,0,0,0,0,0,0,0,0,0,0,0,0,0,0,0,0,0,0,0,0,0,0,0,0,0,0,0,0,0,0,0
349,0,1,10,4,0,0,0,0,0,2,0,0,0,0,0,16,47,21,2,0,0,0,2,0,0,0,0,0,0,0,0,0,0,0,0,0,0,0,0,0,0,0,0,0,0,0,0,0,0,0,0,0,0,0,0,0,0,0
353,0,3,22,3,0,0,0,0,0,3,0,0,0,0,0,37,122,39,1,0,0,0,10,0,1,1,0,0,0,0,0,1,0,0,0,0,0,0,0,0,0,0,0,0,0,0,0,0,0,0,0,0,0,0,0,0,0,0
357,0,2,11,3,0,0,0,0,0,0,0,0,0,0,0,31,111,23,2,0,0,0,4,2,2,1,0,0,0,0,0,0,0,0,1,0,0,0,0,0,0,0,0,0,0,0,0,0,0,0,0,0,0,0,0,0,0,0
361,0,9,12,6,0,0,0,0,0,3,0,0,0,0,0,37,96,38,6,0,0,0,14,1,0,1,0,0,0,0,0,0,0,0,0,0,0,0,0,0,0,0,0,0,0,0,0,0,0,0,0,0,0,0,0,0,0,0
365,0,6,11,5,0,0,0,0,0,4,0,0,0,0,0,24,56,12,1,0,0,0,9,0,0,0,2,0,0,0,0,0,0,0,0,0,0,0,0,0,0,0,0,0,0,0,0,0,0,1,0,0,1,0,0,0,0,0
369,0,5,8,5,0,0,0,0,0,2,0,0,0,0,0,28,78,16,9,0,0,0,17,0,0,0,0,0,0,0,0,0,0,0,0,0,0,0,0,0,0,0,0,0,0,0,0,0,0,0,0,0,0,0,0,0,0,0
373,0,3,1,1,0,0,0,0,0,1,0,0,0,0,0,64,73,18,0,0,0,0,10,1,3,2,0,0,0,0,0,1,0,0,0,0,0,0,0,0,0,0,0,0,0,0,0,0,0,0,0,0,0,0,0,0,0,0
377,0,0,5,0,0,0,0,0,0,0,0,0,0,0,0,73,78,12,0,0,0,0,3,1,0,1,0,0,0,0,0,0,0,0,0,0,0,0,0,0,0,0,0,0,0,0,0,0,0,0,0,0,0,0,0,0,0,0
381,0,3,5,1,0,0,0,0,0,2,0,0,0,0,0,33,78,21,1,0,0,0,17,0,0,1,0,0,0,0,0,0,0,0,0,0,0,0,0,0,0,0,0,0,0,0,0,0,0,1,1,0,0,0,0,0,0,0
385,0,4,20,0,0,0,0,0,0,0,0,0,0,0,0,61,133,39,0,0,0,0,15,0,1,2,0,0,0,0,0,0,0,0,0,0,0,0,0,0,0,0,0,0,0,0,0,0,0,0,0,0,0,0,0,0,0,0
389,0,2,8,3,0,0,0,0,0,3,0,0,1,0,0,88,91,16,1,0,0,0,8,0,1,0,0,0,0,0,0,0,0,0,0,0,0,0,0,0,0,0,0,0,0,0,0,0,0,0,0,1,0,0,0,0,0,0
393,0,6,9,0,0,0,0,0,0,1,0,0,0,0,1,49,114,17,0,0,0,0,9,1,1,0,0,0,0,0,0,0,0,0,0,0,0,0,0,0,0,0,0,0,0,0,0,0,0,0,0,0,0,0,0,0,0,0
397,0,0,4,2,0,0,0,0,0,0,0,0,0,0,0,74,88,17,0,0,0,0,2,0,0,0,0,0,0,0,0,0,0,0,0,0,0,0,0,0,0,0,0,0,0,0,0,0,0,0,1,0,0,0,0,0,0,0
401,0,0,6,0,0,0,0,0,0,0,0,0,0,0,0,55,101,11,0,0,0,0,5,0,0,0,0,0,0,0,0,0,0,0,1,0,0,0,0,0,0,0,0,0,0,0,0,0,0,0,0,0,0,0,0,0,0,0
405,0,2,5,2,0,0,0,0,0,2,0,0,0,0,0,63,71,31,3,0,0,0,5,0,0,0,0,0,0,0,0,1,0,0,0,0,0,0,0,0,0,0,0,0,0,0,0,0,0,0,0,0,0,0,0,0,0,0
409,0,3,5,1,0,0,0,0,0,0,0,0,0,0,0,35,94,14,0,0,0,0,13,2,2,0,0,0,0,0,0,0,0,0,0,0,0,0,0,0,0,0,0,0,0,0,0,0,0,0,0,0,0,0,0,0,0,0
413,0,0,7,0,0,0,0,0,0,2,0,0,0,1,0,52,103,19,1,0,0,0,5,1,1,0,0,0,0,0,0,0,0,0,0,0,0,0,0,0,0,0,0,0,0,0,0,0,0,0,0,0,0,0,0,0,0,0
417,0,1,2,0,0,0,0,0,0,0,0,0,0,0,0,52,109,15,0,0,0,0,11,0,0,0,0,0,0,0,0,0,0,0,0,0,0,0,0,0,0,0,0,0,0,0,0,0,0,0,0,0,0,0,0,0,0,0
421,0,0,7,3,0,0,0,0,0,0,0,0,0,0,0,51,97,24,2,0,0,0,19,1,1,0,0,0,0,0,0,0,0,0,0,0,0,0,0,0,0,0,0,0,0,0,0,0,0,0,0,0,0,0,0,0,0,0
425,0,5,1,1,0,0,0,0,0,0,0,0,0,0,0,41,130,10,0,0,0,0,14,3,3,0,0,0,0,0,0,1,0,0,1,0,0,0,0,0,0,0,0,0,0,0,0,0,0,0,0,0,0,0,0,0,0,0
429,0,0,5,1,0,0,0,0,0,1,0,0,0,0,0,85,109,13,1,0,0,0,11,1,3,0,0,0,0,0,0,0,0,0,0,0,0,0,0,0,0,0,0,0,0,0,0,0,0,0,0,0,0,0,0,0,0,0
433,0,9,1,0,0,0,0,0,0,2,0,0,0,0,0,19,74,2,0,0,0,0,3,4,2,0,0,0,0,0,0,0,0,1,0,0,0,0,0,0,0,0,0,0,0,0,0,0,0,0,0,0,0,0,0,0,0,0
437,0,8,8,0,0,0,0,0,0,3,0,0,0,0,0,27,81,15,0,0,0,0,9,0,1,0,0,0,0,0,0,0,1,0,0,0,0,0,0,0,0,0,0,0,0,0,0,0,0,1,0,0,0,0,0,0,0,0
441,0,2,8,0,0,0,0,0,0,1,0,0,0,0,0,57,122,8,0,0,0,0,8,1,3,0,0,0,0,0,0,0,0,1,0,0,0,0,0,0,0,0,0,0,0,0,0,0,0,0,0,0,0,0,0,0,0,0
445,0,0,6,1,0,0,0,0,0,0,0,0,0,0,0,79,103,26,2,0,0,0,7,1,2,0,0,0,0,0,0,0,0,0,0,0,0,0,0,0,0,0,0,0,0,0,0,0,0,0,0,0,0,0,0,0,0,0
449,0,5,3,0,0,0,0,0,0,4,0,0,0,0,0,48,138,6,0,0,0,0,18,0,1,0,0,0,0,0,0,0,0,0,1,0,0,0,0,0,0,0,0,0,0,0,0,0,0,0,0,0,0,0,0,0,0,0
453,0,4,15,0,0,0,0,0,0,3,0,0,0,0,0,32,99,32,2,0,0,0,8,3,1,1,0,0,0,0,0,0,1,0,0,0,0,0,0,0,0,0,0,0,0,0,0,0,0,0,0,0,0,0,0,0,0,0
457,0,5,7,0,0,0,0,0,0,1,0,0,0,0,0,20,68,15,0,0,0,0,6,1,2,0,0,0,0,0,0,0,0,0,0,0,0,0,0,0,0,0,0,0,0,0,0,0,0,0,0,0,0,0,0,0,0,0
461,0,3,7,0,0,0,0,0,0,0,0,0,0,1,0,55,99,22,0,0,0,0,9,3,2,0,0,0,0,0,0,0,0,1,0,0,0,0,0,0,0,0,0,0,0,0,0,0,0,2,0,0,0,0,0,0,0,0
465,0,10,5,0,0,0,0,0,0,5,0,0,0,0,0,45,118,9,0,0,0,0,12,3,4,1,0,0,0,0,0,0,1,0,0,0,0,0,0,0,0,0,0,0,0,0,0,0,0,0,0,0,0,0,0,0,0,0
469,1,8,8,0,0,0,0,0,0,3,0,0,0,1,0,74,102,17,0,0,0,0,19,0,3,1,0,0,0,0,0,0,0,0,0,0,0,0,0,0,0,0,0,0,0,0,0,0,0,5,0,0,0,0,0,0,0,0
473,0,13,6,0,0,0,0,0,0,2,0,0,0,0,0,79,121,5,0,0,0,0,12,1,2,0,0,0,0,0,0,0,0,1,0,0,0,0,0,0,0,0,0,0,0,0,0,0,0,2,0,0,0,0,0,0,0,0
477,0,10,6,0,0,0,0,0,0,4,0,0,0,0,0,76,130,5,0,0,0,0,8,1,2,0,0,0,0,0,0,0,0,0,0,0,0,0,0,0,0,0,0,0,0,0,0,0,0,0,0,0,0,0,0,0,0,0
481,0,2,5,1,0,0,0,0,0,2,0,0,0,0,0,35,102,21,0,0,0,0,11,0,1,1,0,0,0,0,0,0,0,0,0,0,0,0,0,0,0,0,0,0,0,0,0,0,0,0,0,0,0,0,0,0,0,0
485,0,5,15,2,0,0,0,0,0,0,0,0,0,0,0,45,100,40,0,0,0,0,6,0,2,0,0,0,0,0,0,0,0,0,0,0,0,0,0,0,0,0,0,0,0,0,0,0,0,0,0,0,0,0,0,0,0,0
489,0,3,7,0,0,0,0,0,0,1,0,0,0,0,0,40,101,10,0,0,0,0,4,0,1,0,0,0,0,0,0,0,0,0,0,0,0,0,0,0,0,0,0,0,0,0,0,0,0,0,0,0,0,0,0,0,0,0
493,0,4,9,0,0,0,0,0,0,2,0,0,1,0,0,71,117,26,3,0,0,0,7,1,4,0,0,0,0,0,0,0,1,2,1,0,0,0,0,0,0,0,0,0,0,0,0,0,0,0,0,0,0,0,0,0,0,0
497,0,4,9,0,0,0,0,0,0,0,0,0,0,0,0,45,125,5,0,0,0,0,16,0,3,0,0,0,0,0,0,0,0,1,0,0,0,0,0,0,0,0,0,0,0,0,0,0,0,0,0,0,0,0,0,0,0,0
501,0,2,3,0,0,0,0,0,0,3,0,0,0,0,0,65,104,23,0,0,0,0,7,1,1,0,0,0,0,0,0,0,0,0,0,0,0,0,0,0,0,0,0,0,0,0,0,0,0,0,0,0,0,0,0,0,0,0
505,0,8,11,0,0,0,0,0,0,1,0,0,0,0,0,23,137,10,0,0,0,0,9,1,3,0,0,0,0,0,0,0,0,0,0,0,0,0,0,0,0,0,0,0,0,0,0,0,0,0,0,0,0,0,0,0,0,0
509,0,3,10,0,0,0,0,0,0,2,0,0,0,0,0,29,114,22,0,0,0,0,6,0,2,0,0,0,0,0,0,0,0,0,0,0,0,0,0,0,0,0,0,0,0,0,0,0,0,0,0,2,0,0,0,0,0,0
513,0,7,6,1,0,0,0,0,0,3,0,0,0,0,0,15,90,14,0,0,0,0,3,0,0,0,0,0,0,0,0,0,0,0,1,0,0,0,0,0,0,0,0,0,0,0,0,0,0,1,0,0,0,0,0,0,0,0
517,0,11,27,0,0,0,0,0,0,4,0,0,0,0,0,34,80,19,0,0,0,0,3,2,4,0,0,0,0,0,0,0,0,1,0,0,0,0,0,0,0,0,0,0,0,0,0,0,0,1,0,0,0,0,0,0,0,0
521,0,13,5,0,0,0,0,0,0,1,0,0,0,0,0,19,87,3,0,0,0,0,5,1,1,0,0,0,0,0,0,0,0,0,1,0,0,0,0,0,0,0,0,0,0,0,0,0,0,0,0,0,0,0,0,0,0,0
525,0,10,16,1,0,0,0,0,0,2,0,0,0,0,0,43,98,25,0,0,0,0,3,3,4,0,0,0,0,0,0,0,0,0,0,0,0,0,0,0,0,0,0,0,0,0,0,0,0,0,1,0,0,0,0,0,0,0
529,0,33,12,0,0,0,0,0,0,1,0,0,0,0,0,49,109,3,0,0,0,0,4,0,0,0,0,0,0,0,0,0,0,0,0,0,0,0,0,0,0,0,0,0,0,0,0,0,0,0,2,0,0,0,0,0,0,0
533,0,10,8,0,0,0,0,0,0,2,0,0,0,0,0,44,77,10,0,0,0,0,2,0,1,0,0,0,0,0,0,0,0,0,0,0,0,0,0,0,0,0,0,0,0,0,0,0,0,0,1,0,0,0,0,0,0,0
537,0,12,7,0,0,0,0,0,0,0,0,0,0,0,0,60,64,2,0,0,0,0,5,4,0,0,0,0,0,0,0,0,0,0,0,0,0,0,0,0,0,0,0,0,0,0,0,0,0,0,0,0,0,0,0,0,0,0
541,0,15,13,0,0,0,0,0,0,0,0,0,0,0,0,49,110,6,0,0,0,0,6,1,1,0,1,0,0,0,0,0,1,0,0,0,0,0,0,0,0,0,0,0,0,0,0,0,0,0,3,0,0,0,0,0,0,0
545,0,6,12,0,0,0,0,0,0,2,0,0,0,0,0,37,85,10,0,0,0,0,7,0,1,1,0,0,0,0,0,1,0,0,1,2,1,0,0,0,0,0,0,0,0,0,0,0,0,0,1,0,0,0,0,0,0,0
549,0,4,9,0,0,0,0,0,0,0,0,0,0,0,0,40,101,6,0,0,0,0,3,1,0,0,0,0,0,0,0,0,0,0,1,0,1,0,0,0,0,0,0,0,0,0,0,0,0,0,0,0,0,0,0,0,0,0
553,0,12,10,3,0,0,0,0,0,1,0,0,0,0,0,112,156,8,0,0,0,0,14,4,0,1,1,0,0,0,0,0,0,0,1,1,0,0,0,0,0,0,0,0,0,0,0,0,0,0,0,0,0,0,0,0,0,0
557,0,10,4,0,0,0,0,0,0,1,0,0,0,0,0,86,77,6,0,0,0,0,7,1,1,0,0,1,0,0,0,0,0,0,0,1,1,1,0,0,0,0,0,0,1,0,0,0,0,4,0,0,0,0,0,0,0,0
561,0,14,2,0,0,0,0,0,0,0,0,0,1,0,0,94,153,4,1,0,0,0,7,2,3,4,2,3,0,0,0,0,0,0,0,1,3,0,0,0,0,0,1,0,0,0,0,0,0,0,0,0,1,0,0,0,0,0
565,0,8,1,0,0,0,0,0,0,0,0,0,0,0,0,20,72,3,2,0,0,0,5,2,4,2,1,0,0,0,0,0,0,1,1,3,1,0,0,0,0,0,1,0,0,0,0,0,0,0,0,0,0,0,0,0,0,0
569,0,0,0,0,0,0,0,0,0,0,0,0,0,0,0,0,0,0,0,0,0,0,0,0,0,0,0,0,0,0,0,0,0,0,0,0,0,0,0,0,0,0,0,0,0,0,0,0,0,0,0,0,0,0,0,0,0,0
573,0,4,5,0,0,0,0,0,0,0,0,0,0,0,0,61,84,5,2,0,0,0,2,2,2,1,1,0,1,0,0,0,0,1,0,4,2,0,0,0,0,0,1,1,0,0,0,0,1,0,0,0,1,0,0,0,0,0
577,1,34,0,0,0,0,0,0,0,5,0,0,0,0,0,70,105,2,1,1,0,0,9,2,0,3,0,0,0,0,0,2,0,0,4,8,3,0,0,0,0,0,0,0,1,0,1,0,0,0,0,0,0,0,0,0,0,0
581,0,18,1,0,0,0,0,0,0,0,0,0,0,0,0,19,29,6,5,0,0,0,3,3,6,5,4,0,0,0,0,2,0,1,3,7,2,3,3,0,1,0,2,2,1,1,0,1,1,0,1,0,2,2,0,0,0,0
585,0,11,1,0,0,0,0,0,0,0,0,0,0,0,0,12,41,13,5,1,0,0,4,0,2,3,7,9,1,0,0,1,0,2,1,5,7,1,3,0,0,1,1,0,1,1,0,0,0,0,1,0,3,0,1,0,0,0
589,0,17,0,0,0,0,0,0,0,1,0,0,0,0,0,11,25,12,1,0,0,0,1,1,0,2,1,0,0,1,0,0,0,0,2,2,3,0,1,0,1,0,0,0,0,0,0,0,0,0,0,1,0,0,0,0,0,2
593,0,11,2,0,0,0,0,0,0,0,0,0,0,0,0,33,70,11,1,2,0,0,6,3,2,5,4,1,0,0,0,0,1,0,2,3,2,0,0,0,0,0,0,0,0,0,0,0,0,0,0,2,1,2,0,0,0,0
597,1,3,0,0,0,0,0,0,0,0,0,0,0,0,0,55,52,23,7,3,0,0,12,2,2,3,6,5,1,0,0,1,0,0,0,1,2,4,0,0,0,0,0,0,1,0,0,0,0,3,1,0,0,4,0,0,0,0
601,0,4,1,0,0,2,0,0,0,0,0,0,0,0,0,17,107,30,5,2,3,0,15,0,6,5,8,2,1,0,1,0,0,0,5,2,1,1,1,0,0,0,0,0,0,0,0,0,0,0,3,1,0,0,0,0,0,0
605,0,2,0,0,0,1,1,1,0,0,0,0,0,0,0,27,82,34,22,20,12,1,5,0,4,0,5,7,7,4,1,2,0,0,0,2,2,13,1,0,1,0,0,0,0,0,0,0,0,1,3,0,1,2,0,2,1,0
609,0,1,0,0,1,1,0,0,0,0,0,0,0,0,0,32,126,36,30,20,3,3,24,0,0,0,7,18,9,2,0,2,0,0,0,1,3,1,0,0,0,0,0,0,0,0,0,0,0,0,0,0,0,7,5,0,0,2
613,0,0,0,0,2,0,0,0,0,0,0,0,0,0,0,15,120,77,27,2,0,0,32,0,3,4,6,2,0,0,0,1,0,0,0,1,0,0,0,0,1,0,0,0,0,0,0,0,0,0,2,0,0,0,0,0,0,2
617,0,0,0,0,2,0,0,0,0,0,0,0,1,1,0,46,224,87,9,1,0,0,43,4,5,10,7,0,0,0,0,2,0,3,1,2,0,0,0,0,0,0,0,0,0,0,0,0,0,0,0,0,0,0,0,0,0,0
621,0,0,0,0,1,0,0,0,0,0,0,0,0,2,0,62,149,44,7,1,0,0,15,1,1,2,2,0,0,0,0,0,0,0,0,0,0,0,0,0,0,0,0,0,0,0,0,0,0,1,0,0,0,0,0,0,0,0
625,0,0,0,2,0,0,0,0,0,0,0,0,0,0,0,190,186,36,7,2,0,0,26,0,0,2,0,0,0,0,0,0,0,0,1,0,0,0,0,0,0,0,0,0,0,0,0,0,0,1,2,0,1,0,0,0,0,0
629,0,3,0,0,0,0,0,0,0,0,0,0,0,0,0,66,158,35,5,0,0,0,18,1,0,1,0,0,0,0,0,0,0,0,0,0,0,0,0,0,0,0,0,0,0,0,0,0,0,1,0,1,0,0,0,0,0,0
633,0,0,1,1,2,0,0,0,0,1,0,0,0,0,0,87,232,30,4,0,0,0,15,1,0,0,2,0,0,0,0,0,0,1,0,0,0,0,0,0,0,0,0,0,0,0,0,0,0,0,1,0,0,0,0,0,0,0
635,0,2,0,2,0,0,0,0,0,0,0,0,0,0,0,64,133,24,5,0,0,0,5,0,2,0,3,0,0,0,0,0,0,0,0,0,0,0,0,0,0,0,0,0,0,0,0,0,0,0,0,0,0,0,0,0,0,0
641,NA,NA,NA,NA,NA,NA,NA,NA,NA,NA,NA,NA,NA,NA,NA,NA,NA,NA,NA,NA,NA,NA,NA,NA,NA,NA,NA,NA,NA,NA,NA,NA,NA,NA,NA,NA,NA,NA,NA,NA,NA,NA,NA,NA,NA,NA,NA,NA,NA,NA,NA,NA,NA,NA,NA,NA,NA,NA
649,NA,NA,NA,NA,NA,NA,NA,NA,NA,NA,NA,NA,NA,NA,NA,NA,NA,NA,NA,NA,NA,NA,NA,NA,NA,NA,NA,NA,NA,NA,NA,NA,NA,NA,NA,NA,NA,NA,NA,NA,NA,NA,NA,NA,NA,NA,NA,NA,NA,NA,NA,NA,NA,NA,NA,NA,NA,NA
657,NA,NA,NA,NA,NA,NA,NA,NA,NA,NA,NA,NA,NA,NA,NA,NA,NA,NA,NA,NA,NA,NA,NA,NA,NA,NA,NA,NA,NA,NA,NA,NA,NA,NA,NA,NA,NA,NA,NA,NA,NA,NA,NA,NA,NA,NA,NA,NA,NA,NA,NA,NA,NA,NA,NA,NA,NA,NA
665,NA,NA,NA,NA,NA,NA,NA,NA,NA,NA,NA,NA,NA,NA,NA,NA,NA,NA,NA,NA,NA,NA,NA,NA,NA,NA,NA,NA,NA,NA,NA,NA,NA,NA,NA,NA,NA,NA,NA,NA,NA,NA,NA,NA,NA,NA,NA,NA,NA,NA,NA,NA,NA,NA,NA,NA,NA,NA
666,0,0,0,3,0,0,0,0,0,0,0,0,0,0,0,21,115,50,10,0,0,0,8,0,2,3,2,0,0,0,0,0,0,0,1,0,0,0,0,0,0,0,0,0,0,0,0,0,0,0,0,0,1,0,0,0,0,0
669,0,1,1,0,0,0,0,0,0,0,0,0,0,0,0,17,108,56,13,5,0,0,11,0,0,0,2,0,0,0,0,0,0,0,1,1,0,0,0,0,0,0,0,0,0,0,0,0,0,3,0,0,0,0,0,0,0,0
673,0,0,1,0,0,0,0,0,0,2,0,0,0,0,0,12,122,67,15,1,0,0,3,0,1,0,0,0,0,0,0,0,0,0,1,2,0,0,0,0,0,0,0,0,0,0,0,0,0,0,0,0,0,0,0,0,0,0
677,0,0,1,0,0,0,0,0,0,0,0,0,0,1,0,10,97,57,9,0,0,0,3,0,1,1,3,0,0,0,0,0,0,0,0,0,0,0,0,0,0,0,0,0,0,0,0,0,0,2,1,0,0,0,0,0,0,0
681,0,0,0,0,0,0,0,0,0,1,0,0,0,0,0,15,84,25,2,0,0,0,6,0,0,0,0,0,0,0,0,0,0,0,0,0,0,0,0,0,0,0,0,0,0,0,0,0,0,0,1,0,0,0,0,0,0,0
685,0,0,1,0,1,0,0,0,0,0,0,0,0,0,0,36,118,47,6,2,0,0,6,1,2,1,5,1,0,0,0,0,0,1,0,1,0,0,0,0,0,0,0,0,0,0,0,0,0,0,0,0,0,0,0,0,0,0
689,0,1,1,0,0,0,0,0,0,0,0,0,0,0,0,0,30,10,2,0,0,0,2,0,1,3,0,0,0,0,0,0,0,0,0,0,0,0,0,0,0,0,0,0,0,0,0,0,0,0,0,0,0,0,0,0,0,0
693,0,0,1,0,0,0,0,0,0,0,0,0,0,0,0,21,66,21,4,0,0,0,1,0,0,1,0,0,0,0,0,0,0,0,0,0,0,0,0,0,0,0,0,0,0,0,0,0,0,0,0,0,0,0,0,0,0,0
697,0,0,3,1,0,0,0,0,0,0,0,0,0,0,0,24,84,20,1,0,0,0,10,0,0,0,0,0,0,0,0,0,0,0,0,0,0,0,0,0,0,0,0,0,0,0,0,0,0,0,0,0,0,0,0,0,0,0
701,0,0,0,1,0,0,0,0,0,0,0,0,0,0,0,11,40,22,2,0,0,0,6,0,0,0,0,0,0,0,0,0,0,0,0,0,0,0,0,0,0,0,0,0,0,0,0,0,0,0,0,0,0,0,0,0,0,0
705,0,0,12,1,0,0,0,0,0,2,0,0,0,0,0,24,133,46,3,0,0,0,6,0,0,5,0,0,0,0,0,0,0,0,0,0,0,0,0,0,0,0,0,0,0,0,0,0,0,0,0,0,0,0,0,0,0,0
709,0,1,1,1,0,0,0,0,0,2,0,0,0,0,0,49,167,22,6,0,0,0,7,1,2,0,0,0,0,0,0,0,0,0,0,0,0,0,0,0,0,0,0,0,0,0,0,0,0,1,0,0,0,0,0,0,0,0
713,0,0,0,0,0,0,0,0,0,0,0,0,0,0,0,41,181,35,4,0,0,0,6,0,1,1,0,0,0,0,0,0,0,0,0,1,0,0,0,0,0,0,0,0,0,0,0,0,0,0,0,0,0,0,0,0,0,0
717,0,0,0,2,0,0,0,0,0,1,0,0,0,0,0,42,159,29,6,0,0,0,6,1,2,2,1,0,0,0,0,0,0,0,0,0,0,0,0,0,0,0,0,0,0,0,0,0,0,0,1,0,0,0,0,0,0,0
721,0,0,4,0,0,0,0,0,0,0,0,0,0,0,0,28,108,16,2,0,0,0,23,0,1,0,0,0,0,0,0,0,0,0,1,0,0,0,0,0,0,0,0,0,0,0,0,0,0,0,0,0,0,0,0,0,0,0
725,0,1,2,1,0,0,0,0,0,0,0,0,0,0,0,23,103,48,2,0,0,0,29,0,6,4,1,0,0,0,0,3,0,1,2,1,0,0,0,0,0,1,0,0,0,0,0,0,0,2,0,0,0,0,0,0,0,2
