depth,loi,co3
138,9.8468271334792,5.05908096280098
138.25,9.563758389261807,5.248322147650934
138.75,9.49367088607587,4.992405063291129
139,9.222423146473648,4.549728752260498
139.25,8.43881856540085,5.594936708860715
139.75,7.4672048435923175,4.391523713420793
140,5.7012542759405935,17.368301026225808
140.25,5.506391347099407,12.837758112094416
140.75,4.988123515439338,15.505938242280301
141,5.584826132771426,13.900948366701726
141.5,4.781199351701725,13.115072933549603
141.75,5.363984674329517,13.756321839080412
142,5.44827586206889,14.162758620689644
142.25,5,12.395833333333385
142.75,6.777217015140556,9.315068493150756
143,6.454121306376377,11.52721617418352
143.25,7.224334600760372,14.582509505703428
143.75,8.834586466165526,12.526315789473552
144,9.511111111111207,3.7475555555554116
144.25,10.60735671514119,5.23524379811804
144.75,10.020876826722345,4.968684759916512
145,11.162255466052882,5.790563866513362
145.25,11.345381526104386,6.281124497991891
145.75,9.733606557377106,4.4590163934426235
146,8.773678963110587,4.474576271186368
146.25,10.913930789707122,3.1375332741792112
146.75,9.558823529411704,3.5000000000001372
147,10.30092592592578,6.296296296296449
147.25,8.29228243021339,5.247947454844074
147.75,8.068269976726086,4.747866563227301
148,8.94736842105271,5.010526315789489
148.25,8.55457227138641,5.0816125860374015
148.75,9.4323144104804,17.10393013100439
149,9.628770301623964,4.733178654292533
149.25,9.425625920471285,6.20913107511057
149.75,8.615384615384619,5.649230769230795
150,6.9815195071869995,19.54825462012303
150.2,5.9999999999999165,22.007272727272877
150.4,6.143344709897557,22.51194539249142
150.6,7.43550834597894,20.018209408194117
150.8,7.450523864959262,14.407450523864851
151,7.068062827225171,14.596858638743285
151.2,9.350649350649249,10.77402597402597
151.6,9.25925925925934,9.234567901234675
151.8,9.955423476968821,8.689450222882824
152,9.421112372304218,9.107832009080477
152.2,9.999999999999917,7.113846153846295
152.4,10.526315789473715,4.697368421052422
152.6,9.836065573770227,6.440801457195297
152.8,9.544950055493734,4.6792452830189575
153,9.478021978022095,4.483516483516324
153.2,9.756097560975565,5.073170731707284
153.4,9.89399293286206,4.565371024735023
153.6,10.10101010100989,4.906204906204979
153.8,9.318996415770734,6.661887694145806
154,9.780439121756396,4.614770459081937
154.2,10.136986301369772,4.471232876712503
154.4,9.04198062432721,3.806243272335822
154.6,9.004092769440748,3.7107776261936434
154.8,9.263157894736764,3.8652631578948866
155,9.517923362175527,4.202719406674673
155.2,9.601873536299841,4.140515222482399
155.4,10.432569974554582,3.80661577608147
155.6,10.998990918264381,4.528758829465116
155.8,12.268041237113394,5.187628865979253
156,12.82051282051308,7.510848126232396
156.2,13.307240704500925,4.790606653620541
156.4,16.106194690265376,6.017699115044339
156.6,14.974619289340364,6.558375634517809
156.8,12.25961538461541,6.865384615384289
157,11.218568665377154,9.47001934235967
157.2,9.833795013850386,14.6925207756235
157.4,9.776536312849212,15.385474860335119
157.6,11.455108359133089,5.684210526315998
157.8,11.205673758865084,6.558865248227083
158,11.024844720496851,6.335403726707939
158.2,12.19158200290296,4.934687953555597
158.4,11.304347826086877,5.321739130434988
158.6,10.043668122270846,5.740902474526902
158.8,12.024539877300688,6.174233128834483
159,11.170928667563949,10.25033647375489
159.2,10.821643286573208,5.042084168336546
159.4,9.259259259259295,13.312169312169281
159.6,9.673202614379079,6.7555555555556115
159.8,8.779443254817883,15.14346895074962
160,8.936170212766093,16.493617021276428
160.2,9.536784741144452,11.487738419618417
160.4,6.732673267326532,13.196039603960763
160.6,4.793608521970654,12.495339547270468
160.8,3.696498054474732,6.085603112840382
161,4.790419161676725,12.680923866552604
161.2,4.206349206349272,14.679365079364997
161.4,4.844720496894374,14.106832298136638
161.6,3.9747634069401037,9.095268138801256
161.8,4.640813731722739,10.461538461538511
162,4.36137071651088,5.507788161993973
162.2,3.8639876352396207,7.041731066460416
162.4,5.387205387205397,7.5555555555554434
162.6,4.440389294403917,8.603406326033996
162.8,4.044117647058799,6.800000000000134
163,4.88,8.92160000000008
163.2,4.946364719904662,6.321811680572065
163.4,5.2325581395348255,7.313953488372257
163.6,6.360619469026561,5.190265486725594
163.8,5.242718446601962,6.601941747572902
164,5.461393596986805,4.610169491525374
164.4,4.870129870129913,5.519480519480405
164.8,5.0108932461873,4.740740740740749
165,5.344129554655924,4.845344129554705
165.2,5.073995771670256,6.229739252995018
165.4,5.332239540607017,6.582444626743156
165.6,5.366591080876773,6.578987150415728
165.8,5.185825410544555,4.70181503889359
166,4.8722044728434435,5.105431309904216
166.2,5.286738351254576,6.702508960573445
166.4,4.172461752433974,5.958275382475556
166.6,5.3152039555005315,5.043263288010085
166.8,5.0349650349651025,5.230769230769205
167,4.988123515439479,8.39904988123509
167.2,5.207485760781124,5.754271765663092
167.4,4.403522818254585,6.315452361889499
167.6,4.400000000000048,7.253333333333341
167.8,4.615384615384648,5.395951417003995
168,4.892205638474377,5.18739635157538
168.2,4.853041695146937,5.5775803144224625
168.4,5.100574712643654,4.201149425287454
168.6,5.237084217975932,5.197452229299395
168.8,4.718543046357647,7.768211920529895
169,5.773195876288569,7.571134020618589
169.2,4.534606205250487,5.950676213206017
169.3999999999995,5.327573794096463,5.580993520518225
169.59999999999948,5.500000000000064,5.893333333333293
169.79999999999947,5.168986083499142,7.8409542743538525
169.99999999999946,4.954640614096408,10.154919748778726
170.19999999999945,4.703247480403116,7.462486002239565
170.4,4.411764705882335,6.428571428571418
170.60000000000056,5.1587301587301235,7.37566137566129
170.80000000000112,4.216867469879535,9.175903614457985
171.00000000000168,3.3264033264033306,6.785862785862793
171.20000000000223,4.029605263157856,5.703947368421074
171.4000000000028,3.7676609105180545,6.29827315541612
171.60000000000335,4.3149129447388646,5.456472369417012
171.8000000000039,4.662781015820226,5.661948376352917
172.00000000000446,4.400694846554649,5.354950781702489
172.20000000000502,4.97553017944535,5.324632952691689
172.40000000000558,4.568106312292333,6.212624584717573
172.60000000000613,4.59770114942532,6.878160919540299
172.8000000000067,5.796089385474879,4.843575418994433
173.00000000000725,5.157401205626252,3.8258539852645503
173.2000000000078,4.887459807073983,3.6733118971060907
173.40000000000836,4.9859550561798764,4.106741573033633
173.60000000000892,4.331450094162012,5.207784055241677
173.80000000000948,5.552238805970151,3.9785074626865287
174.00000000001003,5.278174037089857,5.141226818830319
174.2000000000106,5.841660261337334,5.43581860107624
174.40000000001115,4.892367906066605,4.657534246575361
174.6000000000117,6.560636182902489,3.650099403578673
174.80000000001226,7.230046948356808,4.724882629108087
175.00000000001282,6.655710764174157,3.1290057518488594
175.20000000001338,5.847457627118716,14.637288135593096
175.40000000001393,6.688241639697888,5.281553398058195
175.6000000000145,6.143943826799317,5.6500877706260715
175.80000000001505,6.644880174291938,4.444444444444354
176.0000000000156,7.156133828996275,4.550185873606118
176.20000000001616,4.72972972972971,2.9099099099099304
176.40000000001672,6.068601583113491,4.126649076517254
176.60000000001727,6.490872210953179,3.862068965517311
176.80000000001783,5.742821473158695,3.225967540574304
177.0000000000184,5.755395683453175,3.913669064748352
177.20000000001895,5.891354246365718,3.7459831675592516
177.4000000000195,6.934594168636797,3.965327029156713
177.60000000002006,6.823925863521445,4.010109519797829
177.80000000002062,5.471698113207531,3.3358490566039003
178.00000000002117,5.89928057553962,3.620143884891991
178.20000000002173,6.374501992031875,3.359362549800858
178.4000000000223,5.736434108527245,3.162790697674532
178.60000000002285,6.219151036525234,3.0878578479762666
178.8000000000234,5.299380591878871,2.995182381280114
179.00000000002396,5.451127819548856,3.1954887218045562
179.20000000002452,5.407166123778513,3.0123778501627707
179.40000000002507,6.014362657091573,12.696588868940866
179.60000000002563,6.886858749121512,10.513000702740648
179.8000000000262,5.144694533762063,19.24115755627012
180.00000000002674,4.863013698630122,14.438356164383512
180.2000000000273,4.753363228699545,15.246636771300444
180.40000000002786,5.8693244739756265,15.362126245847213
180.60000000002842,4.035433070866178,17.669291338582635
180.80000000002897,4.367301231802883,18.27547592385209
181.00000000002953,3.5161744022503996,14.919831223628572
181.2000000000301,4.7738693467334805,15.376884422110844
181.40000000003064,4.496402877697904,15.410071942445974
181.6000000000312,4.780487804878171,16.585365853658534
181.80000000003176,5.190677966101646,14.983050847457783
182.00000000003232,4.520295202951983,19.321033210332097
182.20000000003287,6.31313131313118,15.454545454545435
182.40000000003343,6.536697247706264,15.128440366972685
182.600000000034,5.939524838012939,12.336933045356338
182.80000000003454,5.067873303167503,16.86153846153829
183.0000000000351,5.042016806722666,19.755102040816396
183.20000000003566,5.668016194332071,14.728744939271143
183.40000000003621,6.171107994389978,13.161290322580482
183.60000000003677,6.859205776173178,12.642599277978542
183.80000000003733,4.5780969479353795,13.673249551166972
184.0000000000379,5.613701236917152,15.139866793530086
184.20000000003844,5.00481231953798,13.743984600577539
184.400000000039,5.620155038759673,16.472868217054266
184.60000000003956,5.533596837944589,15.723320158102904
184.80000000004011,5.5013309671694195,14.480922803904281
185.00000000004067,5.940594059405852,13.832583258325789
185.20000000004123,5.017921146953332,17.182795698924743
185.40000000004179,6.031363088057982,13.452352231604165
185.60000000004234,5.673758865248232,15.312056737588733
185.8000000000429,5.581395348837218,12.493023255813782
186.00000000004346,5.45851528384287,15.58951965065508
186.200000000044,5.709342560553549,10.941176470588244
186.40000000004457,5.7420494699646225,10.932862190812855
186.60000000004513,10.204081632652857,22.204081632653114
186.80000000004569,10.339256865912775,21.97092084006455
187.00000000004624,10.887772194305049,22.552763819095475
187.2000000000468,10.445205479452053,24.917808219178355
187.40000000004736,10.131332082551655,26.791744840525467
187.6000000000479,11.140583554376615,19.29973474801082
187.80000000004847,8.645533141210434,27.435158501440654
188.00000000004903,10.954063604240277,17.1401648998821
188.20000000004958,10.659898477157311,18.984771573603958
188.40000000005014,12.364425162689543,16.8156182212583
188.6000000000507,11.111111111111171,21.735159817351686
188.80000000005126,9.694555112881622,21.312084993359953
189.0000000000518,9.814323607427253,28.1379310344825
189.20000000005237,10.489510489510465,21.240093240093284
189.40000000005293,11.177884615384627,19.942307692307704
189.60000000005348,10.875,21.25
189.80000000005404,10.445468509984856,25.486943164362508
190.0000000000546,12.231759656652438,21.0128755364807
190.20000000005516,12.022900763358725,15.832061068702277
190.4000000000557,16.666666666666583,9.06666666666669
190.60000000005627,13.300492610837653,12.505747126436596
190.80000000005683,12.90322580645139,7.458064516129605
191.00000000005738,13.991769547325003,9.7942386831276
191.20000000005794,12.34309623430948,9.958158995815946
191.4000000000585,12.326656394453032,7.124807395993621
191.60000000005905,21.362799263351715,5.7605893186002985
191.8000000000596,11.451398135818955,6.519307589880091
192.00000000006017,9.469153515064423,9.1707317073172
192.20000000006073,7.765151515151579,7.727272727272556
192.40000000006128,8.333333333333352,7.950248756218705
193.00000000006295,5.3853296193130555,9.218198700092678
193.2000000000635,5.442902881536829,9.869797225186955
193.40000000006407,4.941599281222051,9.897574123989147
193.60000000006463,4.855195911413997,9.383304940374721
193.80000000006518,5.012325390304027,8.828266228430449
194.00000000006574,5.802047781569939,8.703071672354874
194.2000000000663,5.947136563876674,8.387665198238016
194.40000000006685,5.5281342546891254,6.712734452122493
194.6000000000674,5.21400778210118,6.032684824902764
194.80000000006797,5.816937553464473,6.631308810949582
195.00000000006852,4.182272159800264,7.046192259675276
195.20000000006908,4.633781763826691,7.420029895366074
195.40000000006964,5.1194539249147155,7.194539249146889
195.6000000000702,7.526881720430141,9.06666666666658
195.80000000007075,5.259781911481763,7.763951250801828
196.0000000000713,5.309033280507143,8.082408874802013
196.20000000007187,5.555555555555499,8.634920634920782
196.40000000007242,5.268595041322331,9.694214876033175
196.60000000007298,5.234795996920681,11.621247113164046
196.80000000007354,5.980392156862742,13.066666666666773
197.0000000000741,6.529625151148764,11.840386940749708
197.20000000007465,5.141388174807242,9.672664952870633
197.4000000000752,5.527210884353698,14.571428571428507
197.60000000007577,2.9454022988506026,8.109195402298871
197.80000000007632,3.7195121951219505,11.195121951219503
198.00000000007688,5.828476269775069,17.778517901748568
198.23,5.019556714471964,21.277705345501968
198.42,5.609756097560898,16.80650406504076
198.60000000007855,4.879938032532828,13.37877614252524
198.8000000000791,4.188181296614956,13.264486517498572
199.00000000007967,5.377207062600332,10.478330658105946
199.20000000008022,6.0150375939849665,12.270676691729182
199.40000000008078,4.817404817404905,8.876456876456833
199.60000000008134,5.3938356164384045,9.664383561643849
199.8000000000819,5.652173913043629,10.199999999999863
200.00000000008245,5.380710659898384,12.150253807106742
200.200000000083,4.96894409937889,11.826086956521696
200.40000000008357,5.234460196292264,9.7884405670665
200.60000000008355,5.50070521861785,9.39915373765857
200.80000000008357,6.174957118353425,9.564322469982931
201.00000000008356,3.4904013961604927,9.256544502617754
201.20000000008358,4.159445407279188,8.95667244367424
201.40000000008357,4.208754208753973,6.868686868687137
201.60000000008355,4.2431192660549355,7.798165137614792
201.80000000008357,3.8997214484679494,8.334261838440202
202.00000000008356,4.999999999999985,6.917241379310466
202.20000000008358,4.737231680236869,6.945965951147209
202.40000000008357,4.403522818254585,5.662129703762973
202.60000000008355,5.6179775280899635,9.626966292134648
202.80000000008357,5.546751188589561,8.836767036449775
203.00000000008356,6.256015399422646,5.628488931664968
203.20000000008358,6.446776611694044,13.049475262368832
203.40000000008357,6.830907054871209,13.706606942889104
203.60000000008355,5.836575875486427,10.054474708171036
203.80000000008357,5.559232296492367,10.980807412309725
204.00000000008356,7.676969092721829,15.322033898305264
204.20000000008358,7.640638119227626,13.70277078085633
204.40000000008357,6.918238993710577,11.54716981132093
204.60000000008355,7.77511961722503,16.430622009569227
204.80000000008357,7.888040712468201,13.265479219677529
205.00000000008356,6.232558139534905,11.133023255813859
205.20000000008358,6.00985221674876,6.163546798029469
205.40000000008357,5.9912854030500835,4.444444444444354
205.60000000008355,5.793742757821432,5.673232908459084
205.80000000008357,6.948640483383589,4.245720040282053
206.00000000008356,5.696969696969559,4.121212121212183
206.20000000008358,7.6558800315706055,4.400947119179206
206.40000000008357,5.611510791366869,3.620143884891995
206.60000000008355,5.303030303030211,3.5488215488216195
206.80000000008357,6.103286384976685,3.511737089201631
207.00000000008356,6.811145510835989,3.7894736842104835
207.20000000008358,6.282051282051221,3.8358974358974813
207.40000000008357,6.741573033707897,3.735330836454171
207.60000000008355,4.876273653566247,11.085880640465811
207.80000000008357,5.443234836702978,8.777604976671874
208.00000000008356,7.062146892655467,15.367231638418092
208.20000000008358,6.660039761431426,16.222664015904463
208.40000000008357,7.026143790849697,16.22222222222211
208.60000000008355,7.097933513027901,16.251572327044116
208.80000000008357,7.099143206854339,13.982864137086871
209.00000000008356,6.325301204819252,16.078313253012062
209.20000000008358,6.30530973451312,16.548672566371863
209.40000000008357,6.5149948293692415,15.751809720785944
209.60000000008355,6.340057636887675,15.024015369836716
209.80000000008357,6.980802792321129,15.427574171029562
210.00000000008356,6.71736375158439,13.789607097591603
210.20000000008358,5.503258508327214,13.88559015206374
210.40000000008357,6.498194945848404,15.056558363417501
210.60000000008355,7.2180451127819625,12.066165413533687
210.80000000008354,7.05218617771507,14.578279266572574
211.00000000008356,4.780876494023742,14.900398406374457
211.20000000008355,4.55172413793121,15.757241379310285
211.40000000008357,5.1502145922746205,16.53791130185997
211.60000000008355,5.263157894736804,15.14170040485823
211.80000000008354,5.065502183406101,14.965938864628765
212.00000000008356,5.905006418485158,12.919127086007675
212.20000000008355,5.431754874651892,10.512534818941397
212.40000000008357,5.976430976430959,16.14141414141416
212.60000000008355,5.572139303482676,13.8029850746269
212.80000000008354,5.542168674698719,14.746987951807206
213.00000000008356,7.120743034055642,12.631578947368546
213.23,6.666666666666648,7.857777777777711
213.40000000008357,6.560846560846493,7.7714285714286095
213.60000000008355,6.961506961506885,8.576576576576572
213.80000000008354,6.698002350176316,8.94947121034065
214.00000000008356,7.1942446043165535,6.726618705036152
214.20000000008355,6.406080347448532,11.665580890336406
214.40000000008357,6.122448979591858,10.63945578231304
214.60000000008355,5.591798695247015,10.393289841565794
214.80000000008354,6.608884073672801,11.198266522210261
215.00000000008356,6.797385620914991,4.444444444444514
215.20000000008355,6.853146853146782,7.6083916083914485
215.40000000008357,5.359765051395036,12.88105726872242
215.60000000008355,6.639004149377592,9.78146611341657
215.80000000008354,6.206896551724124,6.659310344827557
216.00000000008356,5.462184873949538,10.57142857142855
216.20000000008355,6.2500000000000515,8.707317073170685
216.40000000008357,5.727376861397565,11.683848797250757
216.60000000008355,6.627218934911153,8.691124260355085
216.80000000008354,6.407563025210078,9.428571428571534
217.00000000008356,6.511627906976651,7.116279069767437
217.20000000008355,6.439854191980454,8.262454434994057
217.40000000008357,6.116838487972414,8.038487972508618
217.60000000008355,6.625980819529105,9.011333914559794
217.80000000008354,4.328793774319088,11.443579766536972
218.00000000008356,7.197382769901934,7.860414394765401
218.20000000008355,6.0711188204683655,12.856895056374668
218.40000000008357,6.16591928251137,14.789237668161345
218.60000000008355,5.785123966942169,14.049586776859496
218.80000000008354,6.440677966101741,13.484745762711766
219.00000000008356,5.605605605605697,17.697697697697556
219.20000000008355,4.94966442953014,16.201342281879132
219.40000000008357,6.603773584905655,15.396226415094297
219.60000000008355,8.023774145616681,10.710252600296984
219.80000000008354,7.609668755595426,12.053715308862845
220.00000000008356,6.205673758865273,11.815602836879524
220.20000000008355,6.455399061032842,11.014084507042122
220.40000000008357,6.7289719626169084,15.252336448598026
220.60000000008355,6.690777576853513,13.772151898734192
220.80000000008354,5.980066445182661,19.428571428571516
221.00000000008356,4.460093896713643,17.39906103286384
221.20000000008355,5.17241379310332,21.885057471264336
221.40000000008357,5.997001499250249,21.613193403298332
221.60000000008355,5.7718120805368205,19.532885906040164
221.80000000008354,5.92105263157894,16.46315789473694
222.00000000008356,7.403545359749714,20.98852971845669
222.20000000008355,7.3198198198199655,14.70270270270272
222.40000000008357,6.4212328767122715,15.486301369863126
222.60000000008355,7.235890014471876,12.399421128798602
222.80000000008354,7.118254879448836,19.9862227324914
223.00000000008356,7.965554359526368,16.981700753498366
223.20000000008355,6.950207468879683,16.224066390041518
223.40000000008357,7.783251231527151,17.150738916256167
223.60000000008355,7.8172588832487175,14.083248730964492
223.80000000008354,7.947598253275051,10.333624454148657
224.00000000008356,5.925432756324931,23.17976031957378
224.20000000008355,7.297605473204105,17.833523375142555
224.40000000008357,5.832449628844076,11.393425238600289
224.60000000008355,5.6423611111110725,11.333333333333353
224.80000000008354,4.838709677419257,18.425806451613045
225.00000000008356,6.532066508313515,13.729216152018871
225.20000000008355,5.6349873843566165,11.781328847771208
225.40000000008357,5.827338129496494,14.871942446043088
225.60000000008355,7.0983810709838515,13.041095890410936
225.80000000008354,6.646525679758201,17.393756294058498
226.00000000008356,6.781115879828231,9.80600858369095
226.20000000008355,5.828779599271403,18.950819672131196
226.40000000008357,6.362007168458759,12.673835125448152
226.60000000008355,7.738095238095393,7.60952380952362
226.80000000008354,6.934812760055575,5.847434119278553
227.00000000008356,6.423473433782679,8.304520222045996
227.20000000008355,5.624483043837852,14.961124896608874
227.40000000008357,5.819730305181029,15.154009936124908
227.60000000008355,5.990469707283935,14.44247787610609
227.80000000008354,5.617977528089839,15.790262172284772
228.00000000008356,5.1324503311259235,19.814569536423857
228.20000000008355,6.026785714285805,8.398809523809355
228.40000000008357,5.5335968379446365,16.664031620553345
228.60000000008355,5.086013462976912,22.4801795063575
228.80000000008354,5.935386927122513,16.348610067618356
229.00000000008356,5.24425287356325,21.005747126436777
229.20000000008355,5.327413984461715,17.81132075471677
229.40000000008357,5.97014925373144,15.948827292110781
229.60000000008355,5.112651646447078,20.388214904679383
229.80000000008354,5.134474327628273,22.167889160554346
230.00000000008356,4.812030075187974,19.428571428571377
230.20000000008355,4.901243599122181,21.09144111192391
230.40000000008357,5.17051705170514,21.694169416941772
230.60000000008355,5.367965367965391,20.723809523809436
230.80000000008354,6.3444108761329066,14.79154078549845
231.00000000008356,5.182926829268308,17.138211382113898
231.20000000008355,4.874651810584979,19.13091922005588
231.40000000008357,5.16129032258065,24.42150537634407
231.60000000008355,4.968383017163482,17.322493224932263
231.80000000008354,5.489260143198018,13.848846459824998
232.00000000008356,6.216053108026539,14.117079058539577
232.20000000008355,5.196182396606522,20.479321314952468
232.40000000008357,5.4294975688816995,18.51539708265814
232.60000000008355,5.440900562851763,19.009380863039507
232.80000000008354,5.819672131147516,12.373770491803345
233.00000000008356,6.292134831460651,14.669662921348337
233.20000000008355,6.2753036437246905,7.0661268556005314
233.40000000008357,6.250000000000025,5.824074074073917
233.60000000008355,9.73451327433629,6.686332350049251
233.80000000008354,6.058713304184858,10.363522798251088
234.00000000008356,5.882352941176521,11.2
234.20000000008355,5.488721804511307,15.236090225563819
234.40000000008357,5.654008438818578,9.181434599156123
234.60000000008355,5.293631100082719,12.036393713812995
234.80000000008354,5.564924114671224,11.581787521079153
235.00000000008356,5.327342747111694,7.245186136071904
235.20000000008355,5.544809800128967,10.34687298517073
235.40000000008357,4.730290456431567,12.527800829875593
235.60000000008355,4.643765903307803,16.09160305343512
235.80000000008354,5.28325907065564,10.04201145767039
236.00000000008356,5.2631578947368505,9.730263157894715
236.20000000008355,5.433287482806093,13.001375515818367
236.40000000008357,5.02958579881667,16.195266272189304
236.60000000008355,4.498480243161087,14.13738601823718
236.80000000008354,5.272838749233617,9.339055793991424
237.00000000008356,5.175490779298024,8.009518143961948
237.20000000008355,5.563583815028904,16.017341040462295
237.40000000008357,6.601731601731588,15.601731601731561
237.60000000008355,5.3936763794172204,10.70799752014885
237.80000000008354,5.3023255813953885,8.602790697674376
238.00000000008356,5.3902302077484645,8.170690623245322
238.20000000008355,5.505505505505473,11.163163163163258
238.40000000008357,4.516471838469755,16.114771519659982
238.60000000008355,5.035971223021601,6.0009592326139405
238.80000000008354,3.2831737346101266,6.976744186046613
239.00000000008356,5.015511892450856,10.82936918304033
239.20000000008355,4.806991988346735,11.688273852876938
239.40000000008357,5.106138841078623,7.490533562822725
239.60000000008355,6.65894614939202,12.363636363636363
239.80000000008354,5.443548387096862,8.591397849462316
240.00000000008356,6.4516129032258105,9.870967741935468
240.20000000008355,3.9915966386554897,9.285714285714471
240.40000000008357,5.205479452054826,8.197260273972688
240.60000000008355,4.854368932038835,8.747572815533964
240.80000000008354,5.048859934853371,9.967426710097904
241.00000000008356,6.4705882352941915,9.19999999999988
241.20000000008355,5.148514851485119,6.463366336633443
241.40000000008357,4.906054279749539,5.962421711899765
241.60000000008355,4.315196998123932,6.123827392120076
241.80000000008354,4.045422285308634,7.625266146203047
242.00000000008356,5.225225225225213,9.311711711711778
242.20000000008355,4.919583727530716,4.117313150425742
242.40000000008357,6.233062330623226,7.862691960252949
242.60000000008355,4.976303317535727,4.672985781990501
242.80000000008354,4.995287464655896,4.87087653157402
243.00000000008356,6.138613861386142,4.219141914191316
243.20000000008355,5.253837072018912,4.3353010625738095
243.40000000008357,6.039488966318184,7.108013937282213
243.60000000008355,5.009633911367977,6.026974951830361
243.80000000008354,5.37249283667617,8.670487106017239
244.00000000008356,6.036536934074569,3.0246227164416744
244.20000000008355,5.902777777777893,3.3055555555553986
244.40000000008357,6.039755351681999,4.159021406727921
244.60000000008355,6.058631921824102,4.695765472312776
244.80000000008354,6.017579445571363,5.333333333333321
245.00000000008356,5.451127819548862,3.067669172932299
245.20000000008355,4.968152866241999,6.583439490445903
245.40000000008357,5.711022272986846,4.116504854368998
245.60000000008355,6.604651162790677,3.2893023255813727
245.80000000008354,5.86560364464691,3.407744874715299
246.00000000008356,5.355884425651902,6.1338971106413
246.20000000008355,6.627906976744229,6.483720930232614
246.40000000008357,5.7462090981644804,3.147645650438937
246.60000000008355,6.338797814207638,8.026229508196769
246.80000000008354,5.732087227414361,4.067289719626172
247.00000000008356,6.527196652719762,3.528033472803211
247.20000000008355,6.148590947907704,3.135781383433084
247.40000000008357,7.231208372977995,10.481446241674762
247.60000000008355,5.976806422836776,3.396966993755421
247.80000000008354,7.3646850044365815,6.275066548358432
248.00000000008356,7.4344023323615405,4.163265306122431
248.20000000008355,5.886909372579434,3.160340821068871
248.40000000008357,6.7567567567568005,3.1920341394025087
248.60000000008355,7.5370121130551855,3.8438761776581245
248.80000000008354,6.448683015440489,5.682107175295114
249.00000000008356,6.3800277392510765,4.809986130374495
249.20000000008355,6.609808102345413,8.119402985074592
249.40000000008357,5.95890410958902,4.28493150684942
249.60000000008355,6.239737274219977,6.401751505199803
249.80000000008354,6.233303650935025,10.172751558325874
250.00000000008356,7.440476190476167,8.803571428571406
250.20000000008355,5.729166666666666,3.946428571428543
250.40000000008357,8.037578288100203,9.085594989561592
250.60000000008355,9.955752212389365,6.619469026548614
250.80000000008354,6.493506493506524,4.289424860853299
251.00000000008356,4.864091559370503,5.058655221745485
251.20000000008355,5.428796223446036,4.922108575924597
251.40000000008357,7.519884309472228,4.6218365871294855
251.60000000008355,4.753199268738538,3.8951858622791478
251.80000000008354,4.661851608667088,4.107682206171974
252.00000000008356,5.182760501909471,5.267866884888141
252.20000000008355,5.267008046817792,8.854425749817166
252.40000000008357,6.926121372031689,7.535620052770415
252.60000000008355,5.752439650744738,12.99229583975346
252.80000000008354,5.045871559632982,6.394495412844095
253.00000000008356,6.67046750285068,8.606613454960007
253.20000000008355,7.313195548489702,3.351351351351412
253.40000000008357,7.539118065433842,5.900426742531999
253.60000000008355,6.67384284176527,18.88482238966624
253.80000000008354,7.515151515151447,11.374545454545604
254.00000000008356,13.255813953488365,14.153488372093054
254.20000000008355,6.92082111436952,7.4979472140762
254.40000000008357,7.217321571772374,2.9446672012829933
254.60000000008355,7.683352735739317,3.6414435389987863
254.80000000008354,7.914572864321692,8.03015075376865
255.00000000008356,6.966145833333407,5.4895833333332815
255.20000000008355,8.299180327868797,11.56557377049182
255.40000000008357,7.130730050933757,4.156196943972858
255.60000000008355,8.10526315789474,8.303157894736826
255.80000000008354,8.498168498168472,11.158974358974367
256.00000000008356,7.081174438687354,8.45595854922284
256.20000000008355,7.489878542510109,14.315789473684108
256.40000000008354,7.551020408163259,9.02040816326525
256.6000000000836,8.537549407114675,11.503557312252905
256.80000000008357,6.666666666666613,5.408187134502897
257.00000000008356,7.7933450087566065,3.6917688266198256
257.20000000008355,7.521826729348568,3.3794492948286585
257.40000000008354,7.308684436801295,5.496130696474704
257.6000000000836,8.988057825267175,14.189817724701333
257.80000000008357,7.952622673434817,11.275803722504127
258.00000000008356,6.341840680587842,6.8368136117555585
258.20000000008355,7.944845699277764,2.8575180564674985
258.40000000008354,7.741935483870928,3.25898617511518
258.6000000000836,7.36137667304014,4.680688336520249
258.80000000008357,7.19769673704425,3.001919385796505
259.00000000008356,7.873376623376591,8.279220779220706
259.20000000008355,8.74251497005992,12.052694610778406
259.40000000008354,9.17225950782986,11.105145413870305
259.6000000000836,9.968847352024925,8.049844236760174
259.80000000008357,11.126961483594801,3.1041369472182683
260.00000000008356,9.859154929577581,4.862405200433292
260.20000000008355,10.613207547169806,9.301886792452816
260.40000000008354,10.206896551724123,16.32
260.6000000000836,10.7843137254903,12.266666666666483
260.80000000008357,12.666666666666748,11.182222222222194
261.00000000008356,8.566721581548544,17.92421746293249
261.2000000000836,8.906250000000076,17.637499999999694
261.4000000000836,9.516129032258219,13.599999999999845
261.6000000000836,9.24261874197679,12.395378690629276
261.80000000008357,8.765859284890288,11.921568627451073
262.00000000008356,9.748427672955966,6.842767295597486
262.2000000000836,8.874801901743155,7.759112519809756
262.4000000000836,7.572115384615254,7.192307692307781
262.6000000000836,8.208955223880556,7.104477611940328
262.80000000008357,7.457212713936411,7.315403422982953
263.00000000008356,8.742004264392223,6.959488272921124
263.2000000000836,8.311345646438067,8.432717678100362
263.4000000000836,7.300115874855216,6.776361529547962
263.6000000000836,7.4235807860262115,7.720524017467179
263.80000000008357,7.4433656957929735,7.922330097087162
264.00000000008356,8.58585858585867,5.769696969696944
264.2000000000836,7.7100115074798845,4.538550057537387
264.4000000000836,6.55737704918027,10.804539722572603
264.6000000000836,6.048703849175174,11.110761979575914
264.80000000008357,6.761904761904742,12.693333333333442
265.00000000008356,6.706114398422057,8.986193293885632
265.2000000000836,7.14285714285716,11.428571428571518
265.4000000000836,5.968688845401168,15.303326810176152
265.6000000000836,7.317073170731484,9.951219512195166
265.80000000008357,7.17948717948729,4.184615384615228
266.00000000008356,6.437768240343399,7.004291845493565
266.2000000000836,7.847082494969761,6.020120724346143
266.4000000000836,6.42092746730087,6.306777645659885
266.6000000000836,7.0588235294116615,11.490909090909199
266.80000000008357,6.88863375430545,10.149253731343201
267.00000000008356,6.653426017874894,6.617676266136975
267.2000000000836,5.805805805805795,11.979979979979886
267.4000000000836,6.527777777777855,10.57777777777761
267.6000000000836,6.390134529148028,10.825112107623283
267.80000000008357,5.964052287581731,10.333333333333329
268.00000000008356,5.874026893135185,13.667374380750294
268.2000000000836,6.385169927909308,14.146240988671593
268.4000000000836,6.781914893617036,7.053191489361643
268.6000000000836,7.069555302166402,11.940706955530201
268.80000000008357,7.028112449799234,5.18875502008012
269.00000000008356,6.2984496124030525,5.7984496124031635
269.2000000000836,6.127167630057692,9.119075144508642
269.4000000000836,5.801526717557288,10.48549618320601
269.6000000000836,5.090655509065575,12.898186889818778
269.80000000008357,6.509695290858812,7.157894736842159
270.00000000008356,5.376344086021584,7.16559139784939
270.2000000000836,5.2307692307692495,4.882051282051305
270.4000000000836,5.805243445692829,6.3670411985019655
270.6,6.779661016949047,6.256658595641686
270.8,6.85579196217492,5.78723404255341
271,4.749340369393091,13.45646437994712
271.2,4.9327354260090255,12.959641255605248
271.4,6.03773584905661,9.408805031446494
271.6,5.065666041275819,10.844277673546069
271.8,4.581551618814969,9.886377519853369
272,5.777777777777734,11.242666666666663
272.2,5.746209098164481,6.0782122905027025
272.4,6.767794632438726,6.982497082847225
272.6,11.855670103092777,4.7903780068726896
272.8,8.58318636096408,3.757789535567361
273,6.766917293233081,3.5789473684210718
273.2,6.369426751592446,3.8114649681526003
273.4,6.624605678233405,4.933753943217786
273.6,5.903021784961323,3.9184820801124745
273.8,6.033376123234994,3.666238767650664
274,9.441489361702104,3.255319148936299
274.2,6.20284995808884,3.305951383067887
274.4,7.97665369649795,4.498054474708262
274.6,6.90866510538634,3.9812646370024027
274.8,6.618313689936574,3.3291024478693547
275,6.957250628667243,3.305951383067888
275.2,9.119106699751875,3.627791563275372
275.4,7.428115015974446,3.476038338658153
275.6,6.589595375722586,3.3017341040460884
275.8,10.630630630630602,3.022222222222287
276,6.594153636981613,4.34534330387497
276.2,6.127080181543084,4.320726172465945
276.4,6.740442655935633,3.830985915493023
276.6,5.395683453237403,4.973621103117504
276.8,7.277187244480679,6.560915780866844
277,6.4120054570258835,7.51432469304225
277.2,6.290471785383871,4.90656799259941
277.4,5.7044673539519035,4.673539518900244
277.6,7.2821846553965175,4.421326397919444
277.8,6.446540880503202,3.955974842767381
278,6.981382978723436,5.425531914893663
278.2,6.654343807763485,5.279112754158938
278.4,7.177033492822947,5.96491228070191
278.6,7.3403241182078025,6.612011439466172
278.8,6.740740740740823,7.555555555555486
279,6.258064516129007,6.492903225806443
279.2,6.302521008403226,9.285714285714471
279.4,9.197786998616815,3.856154910096855
279.6,9.082733812949558,3.546762589928047
279.8,9.210526315789487,3.578947368421058
280,9.957627118644016,4.033898305084818
280.2,11.50442477876099,4.011799410029775
280.4,10.162601626016224,4.146341463414546
280.6,9.913258983890959,9.774473358116447
280.8,9.981515711645072,3.519408502772703
281,8.40108401084025,5.159891598916067
281.2,7.850707850707833,5.250965250965132
281.4,7.555555555555326,5.137777777777623
281.6,8.244274809160354,4.7755725190839104
281.8,4.629629629629624,18.329218106995675
282,5.039034776437174,15.733144073811253
282.2,5.662188099807993,18.794625719769694
