sample,valve,no_of_species,efficiency
17,1,1,0
17,2,2,0
17,3,3,0
17,4,4,0
17,5,4,0.19999999999999996
17,6,4,0.33333333333333337
17,7,5,0.2857142857142857
17,8,6,0.25
17,9,7,0.2222222222222222
17,10,7,0.30000000000000004
17,11,8,0.2727272727272727
17,12,8,0.33333333333333337
17,13,8,0.3846153846153846
17,14,8,0.4285714285714286
17,15,9,0.4
17,16,9,0.4375
17,17,9,0.47058823529411764
17,18,9,0.5
17,19,9,0.5263157894736843
17,20,9,0.55
17,21,9,0.5714285714285714
17,22,9,0.5909090909090908
17,23,9,0.6086956521739131
17,24,9,0.625
17,25,10,0.6
17,26,10,0.6153846153846154
17,27,10,0.6296296296296297
17,28,10,0.6428571428571428
17,29,11,0.6206896551724138
17,30,11,0.6333333333333333
17,31,11,0.6451612903225806
17,32,11,0.65625
17,33,11,0.6666666666666667
17,34,11,0.6764705882352942
17,35,11,0.6857142857142857
17,36,11,0.6944444444444444
17,37,11,0.7027027027027026
17,38,11,0.7105263157894737
17,39,11,0.717948717948718
17,40,11,0.725
17,41,11,0.7317073170731707
17,42,11,0.7380952380952381
17,43,11,0.7441860465116279
17,44,12,0.7272727272727273
17,45,12,0.7333333333333334
17,46,12,0.7391304347826086
17,47,12,0.7446808510638299
17,48,12,0.75
17,49,12,0.7551020408163265
17,50,12,0.76
17,51,12,0.7647058823529411
17,52,12,0.7692307692307692
17,53,12,0.7735849056603774
17,54,12,0.7777777777777778
17,55,12,0.7818181818181819
17,56,13,0.7678571428571428
17,57,13,0.7719298245614035
17,58,13,0.7758620689655172
17,59,13,0.7796610169491526
17,60,14,0.7666666666666666
17,61,14,0.7704918032786885
17,62,14,0.7741935483870968
17,63,14,0.7777777777777778
17,64,15,0.765625
17,65,15,0.7692307692307692
17,66,15,0.7727272727272727
17,67,15,0.7761194029850746
17,68,15,0.7794117647058824
17,69,16,0.7681159420289855
17,70,17,0.7571428571428571
17,71,17,0.7605633802816901
17,72,17,0.7638888888888888
17,73,17,0.7671232876712328
17,74,17,0.7702702702702703
17,75,17,0.7733333333333333
17,76,17,0.7763157894736842
17,77,17,0.7792207792207793
17,78,17,0.782051282051282
17,79,18,0.7721518987341772
17,80,18,0.775
17,81,18,0.7777777777777778
17,82,18,0.7804878048780488
17,83,18,0.7831325301204819
17,84,19,0.7738095238095238
17,85,19,0.7764705882352941
17,86,20,0.7674418604651163
17,87,20,0.7701149425287357
17,88,20,0.7727272727272727
17,89,20,0.7752808988764045
17,90,20,0.7777777777777778
17,91,20,0.7802197802197802
17,92,20,0.782608695652174
17,93,20,0.7849462365591398
17,94,20,0.7872340425531915
17,95,20,0.7894736842105263
17,96,20,0.7916666666666666
17,97,20,0.7938144329896908
17,98,21,0.7857142857142857
17,99,21,0.7878787878787878
17,100,21,0.79
17,101,21,0.7920792079207921
17,102,21,0.7941176470588236
17,103,21,0.7961165048543689
17,104,21,0.7980769230769231
17,105,21,0.8
17,106,21,0.8018867924528301
17,107,21,0.8037383177570093
17,108,22,0.7962962962962963
17,109,22,0.7981651376146789
17,110,22,0.8
17,111,22,0.8018018018018018
17,112,22,0.8035714285714286
17,113,22,0.8053097345132744
17,114,22,0.8070175438596492
17,115,22,0.808695652173913
17,116,22,0.8103448275862069
17,117,22,0.811965811965812
17,118,22,0.8135593220338984
17,119,22,0.8151260504201681
17,120,22,0.8166666666666667
17,121,22,0.8181818181818181
17,122,22,0.819672131147541
17,123,22,0.8211382113821138
17,124,22,0.8225806451612903
17,125,22,0.8240000000000001
17,126,22,0.8253968253968254
17,127,22,0.8267716535433071
17,128,22,0.828125
17,129,22,0.8294573643410853
17,130,22,0.8307692307692307
17,131,22,0.83206106870229
17,132,23,0.8257575757575757
17,133,23,0.8270676691729324
17,134,23,0.8283582089552239
17,135,23,0.8296296296296296
17,136,23,0.8308823529411764
17,137,23,0.8321167883211679
17,138,23,0.8333333333333334
17,139,24,0.8273381294964028
17,140,24,0.8285714285714285
17,141,24,0.8297872340425532
17,142,24,0.8309859154929577
17,143,25,0.8251748251748252
17,144,25,0.8263888888888888
17,145,25,0.8275862068965517
17,146,25,0.8287671232876712
17,147,25,0.8299319727891157
17,148,25,0.8310810810810811
17,149,25,0.8322147651006712
17,150,26,0.8266666666666667
17,151,26,0.8278145695364238
17,152,26,0.8289473684210527
17,153,26,0.8300653594771241
17,154,26,0.8311688311688312
17,155,26,0.832258064516129
17,156,27,0.8269230769230769
17,157,28,0.821656050955414
17,158,28,0.8227848101265822
17,159,29,0.8176100628930818
17,160,29,0.81875
17,161,29,0.8198757763975155
17,162,29,0.8209876543209876
17,163,29,0.8220858895705522
17,164,29,0.8231707317073171
17,165,29,0.8242424242424242
17,166,29,0.8253012048192772
17,167,29,0.8263473053892215
17,168,29,0.8273809523809523
17,169,29,0.8284023668639053
17,170,29,0.8294117647058823
17,171,29,0.8304093567251463
17,172,29,0.8313953488372093
17,173,29,0.8323699421965318
17,174,29,0.8333333333333334
17,175,29,0.8342857142857143
17,176,29,0.8352272727272727
17,177,29,0.8361581920903955
17,178,29,0.8370786516853932
17,179,29,0.8379888268156425
17,180,29,0.8388888888888889
17,181,29,0.8397790055248618
17,182,29,0.8406593406593407
17,183,29,0.8415300546448088
17,184,29,0.842391304347826
17,185,29,0.8432432432432433
17,186,29,0.8440860215053764
17,187,29,0.8449197860962567
17,188,29,0.8457446808510638
17,189,30,0.8412698412698413
17,190,30,0.8421052631578947
17,191,30,0.8429319371727748
17,192,30,0.84375
17,193,30,0.844559585492228
17,194,30,0.845360824742268
17,195,31,0.841025641025641
17,196,31,0.8418367346938775
17,197,31,0.8426395939086294
17,198,31,0.8434343434343434
17,199,31,0.8442211055276382
17,200,31,0.845
17,201,31,0.845771144278607
17,202,31,0.8465346534653465
17,203,31,0.8472906403940886
17,204,31,0.8480392156862745
17,205,31,0.848780487804878
17,206,31,0.8495145631067962
17,207,31,0.8502415458937198
17,208,31,0.8509615384615384
17,209,31,0.8516746411483254
17,210,31,0.8523809523809524
17,211,31,0.8530805687203792
17,212,31,0.8537735849056604
17,213,31,0.8544600938967136
17,214,31,0.8551401869158879
17,215,31,0.8558139534883721
17,216,31,0.8564814814814815
17,217,31,0.8571428571428572
17,218,32,0.8532110091743119
17,219,32,0.8538812785388128
17,220,33,0.85
17,221,33,0.8506787330316742
17,222,33,0.8513513513513513
17,223,33,0.852017937219731
17,224,33,0.8526785714285714
17,225,33,0.8533333333333333
17,226,33,0.8539823008849557
17,227,33,0.8546255506607929
17,228,33,0.8552631578947368
17,229,34,0.851528384279476
17,230,34,0.8521739130434782
17,231,34,0.8528138528138528
17,232,34,0.853448275862069
17,233,34,0.8540772532188841
17,234,34,0.8547008547008547
17,235,34,0.8553191489361702
17,236,34,0.8559322033898304
17,237,34,0.8565400843881856
17,238,34,0.8571428571428572
17,239,34,0.8577405857740585
17,240,34,0.8583333333333334
17,241,34,0.8589211618257262
17,242,34,0.859504132231405
17,243,34,0.8600823045267489
17,244,34,0.860655737704918
17,245,34,0.8612244897959184
17,246,34,0.8617886178861789
17,247,34,0.8623481781376519
17,248,34,0.8629032258064516
17,249,34,0.8634538152610441
17,250,34,0.864
17,251,34,0.8645418326693227
17,252,34,0.8650793650793651
17,253,34,0.8656126482213439
17,254,34,0.8661417322834646
17,255,34,0.8666666666666667
17,256,34,0.8671875
17,257,34,0.867704280155642
17,258,34,0.8682170542635659
17,259,34,0.8687258687258688
17,260,34,0.8692307692307693
17,261,34,0.8697318007662835
17,262,34,0.8702290076335878
17,263,34,0.870722433460076
17,264,34,0.8712121212121212
17,265,34,0.8716981132075472
17,266,34,0.8721804511278195
17,267,35,0.8689138576779026
17,268,36,0.8656716417910448
17,269,36,0.8661710037174721
17,270,37,0.8629629629629629
17,271,37,0.8634686346863468
17,272,37,0.8639705882352942
17,273,37,0.8644688644688645
17,274,37,0.864963503649635
17,275,37,0.8654545454545455
17,276,37,0.8659420289855072
17,277,37,0.8664259927797834
17,278,37,0.8669064748201438
17,279,37,0.8673835125448028
17,280,37,0.8678571428571429
17,281,37,0.8683274021352313
17,282,37,0.8687943262411347
17,283,37,0.8692579505300353
17,284,37,0.869718309859155
17,285,37,0.8701754385964913
17,286,37,0.8706293706293706
17,287,37,0.8710801393728222
17,288,38,0.8680555555555556
17,289,38,0.8685121107266436
17,290,38,0.8689655172413793
17,291,38,0.8694158075601375
17,292,38,0.8698630136986302
17,293,38,0.870307167235495
17,294,38,0.8707482993197279
17,295,38,0.8711864406779661
17,296,38,0.8716216216216216
17,297,38,0.8720538720538721
17,298,38,0.87248322147651
17,299,39,0.8695652173913043
17,300,39,0.87
17,301,39,0.8704318936877077
17,302,39,0.8708609271523179
17,303,39,0.8712871287128713
17,304,39,0.8717105263157895
17,305,39,0.8721311475409836
17,306,39,0.8725490196078431
17,307,39,0.8729641693811074
17,308,39,0.8733766233766234
17,309,39,0.8737864077669903
17,310,39,0.8741935483870968
17,311,39,0.8745980707395499
17,312,39,0.875
17,313,39,0.8753993610223643
17,314,39,0.8757961783439491
17,315,39,0.8761904761904762
17,316,39,0.8765822784810127
17,317,39,0.8769716088328076
17,318,39,0.8773584905660378
17,319,39,0.877742946708464
17,320,39,0.878125
17,321,39,0.8785046728971962
17,322,39,0.8788819875776397
17,323,39,0.8792569659442724
17,324,39,0.8796296296296297
17,325,39,0.88
17,326,39,0.8803680981595092
17,327,39,0.8807339449541285
17,328,39,0.8810975609756098
17,329,39,0.8814589665653495
17,330,39,0.8818181818181818
17,331,39,0.8821752265861027
17,332,39,0.8825301204819277
17,333,39,0.8828828828828829
17,334,39,0.8832335329341318
17,335,39,0.8835820895522388
17,336,39,0.8839285714285714
17,337,39,0.884272997032641
17,338,39,0.8846153846153846
17,339,39,0.8849557522123894
17,340,39,0.8852941176470588
17,341,39,0.8856304985337243
17,342,39,0.8859649122807017
17,343,39,0.8862973760932945
17,344,39,0.8866279069767442
17,345,39,0.8869565217391304
17,346,39,0.8872832369942196
17,347,39,0.8876080691642652
17,348,39,0.8879310344827587
17,349,39,0.8882521489971347
17,350,39,0.8885714285714286
17,351,39,0.8888888888888888
17,352,39,0.8892045454545454
17,353,39,0.8895184135977338
17,354,39,0.8898305084745762
17,355,39,0.8901408450704226
17,356,39,0.8904494382022472
17,357,39,0.8907563025210083
17,358,39,0.8910614525139665
17,359,39,0.8913649025069638
17,360,39,0.8916666666666666
17,361,39,0.8919667590027701
17,362,39,0.8922651933701657
17,363,39,0.8925619834710744
17,364,39,0.8928571428571429
17,365,39,0.8931506849315068
17,366,39,0.8934426229508197
17,367,39,0.8937329700272479
17,368,39,0.8940217391304348
17,369,39,0.8943089430894309
17,370,39,0.8945945945945946
17,371,39,0.894878706199461
17,372,39,0.8951612903225806
17,373,39,0.8954423592493298
17,374,39,0.8957219251336899
17,375,39,0.896
17,376,39,0.8962765957446809
17,377,39,0.896551724137931
17,378,39,0.8968253968253969
17,379,39,0.8970976253298153
17,380,39,0.8973684210526316
17,381,39,0.8976377952755905
17,382,40,0.8952879581151832
17,383,40,0.8955613577023499
17,384,40,0.8958333333333334
17,385,40,0.8961038961038961
17,386,40,0.8963730569948186
17,387,40,0.896640826873385
17,388,40,0.8969072164948454
17,389,40,0.897172236503856
17,390,40,0.8974358974358975
17,391,40,0.8976982097186701
17,392,40,0.8979591836734694
17,393,40,0.8982188295165394
17,394,40,0.8984771573604061
17,395,40,0.8987341772151899
17,396,40,0.898989898989899
17,397,40,0.8992443324937027
17,398,40,0.8994974874371859
17,399,40,0.899749373433584
17,400,40,0.9
17,401,40,0.9002493765586035
17,402,40,0.900497512437811
17,403,40,0.9007444168734491
17,404,40,0.900990099009901
17,405,40,0.9012345679012346
17,406,40,0.9014778325123153
17,407,40,0.9017199017199017
17,408,40,0.9019607843137255
17,409,40,0.902200488997555
17,410,40,0.9024390243902439
17,411,40,0.902676399026764
17,412,40,0.9029126213592233
17,413,40,0.9031476997578692
17,414,40,0.9033816425120773
17,415,40,0.9036144578313253
17,416,40,0.9038461538461539
17,417,40,0.9040767386091128
17,418,40,0.9043062200956937
17,419,40,0.9045346062052506
17,420,40,0.9047619047619048
17,421,40,0.9049881235154394
17,422,40,0.9052132701421801
17,423,40,0.9054373522458629
17,424,40,0.9056603773584906
17,425,40,0.9058823529411765
17,426,40,0.9061032863849765
17,427,40,0.9063231850117096
17,428,40,0.9065420560747663
17,429,40,0.9067599067599068
17,430,40,0.9069767441860466
17,431,40,0.9071925754060325
17,432,40,0.9074074074074074
17,433,40,0.9076212471131639
17,434,40,0.9078341013824884
17,435,40,0.9080459770114943
17,436,41,0.9059633027522935
17,437,41,0.9061784897025171
17,438,42,0.904109589041096
17,439,42,0.9043280182232346
17,440,42,0.9045454545454545
17,441,42,0.9047619047619048
17,442,42,0.9049773755656109
17,443,42,0.9051918735891648
17,444,42,0.9054054054054054
17,445,42,0.9056179775280899
17,446,42,0.905829596412556
17,447,42,0.9060402684563759
17,448,42,0.90625
17,449,42,0.9064587973273942
17,450,43,0.9044444444444444
17,451,43,0.9046563192904656
17,452,43,0.9048672566371682
17,453,43,0.9050772626931567
17,454,43,0.9052863436123348
17,455,43,0.9054945054945055
17,456,43,0.9057017543859649
17,457,43,0.9059080962800875
17,458,43,0.9061135371179039
17,459,43,0.906318082788671
17,460,43,0.9065217391304348
17,461,43,0.9067245119305857
17,462,43,0.9069264069264069
17,463,43,0.9071274298056156
17,464,43,0.9073275862068966
17,465,43,0.9075268817204301
17,466,43,0.907725321888412
17,467,43,0.9079229122055674
17,468,43,0.9081196581196581
17,469,43,0.908315565031983
17,470,43,0.9085106382978724
17,471,43,0.9087048832271762
17,472,44,0.9067796610169492
17,473,44,0.9069767441860466
17,474,44,0.9071729957805907
17,475,44,0.9073684210526316
17,476,44,0.907563025210084
17,477,44,0.9077568134171907
17,478,44,0.9079497907949791
17,479,44,0.9081419624217119
17,480,44,0.9083333333333333
17,481,44,0.9085239085239085
17,482,45,0.9066390041493776
17,483,45,0.906832298136646
17,484,45,0.9070247933884298
17,485,45,0.9072164948453608
17,486,45,0.9074074074074074
17,487,45,0.9075975359342916
17,488,45,0.9077868852459017
17,489,45,0.9079754601226994
17,490,45,0.9081632653061225
17,491,45,0.9083503054989817
17,492,45,0.9085365853658537
17,493,45,0.9087221095334685
17,494,45,0.9089068825910931
17,495,45,0.9090909090909091
17,496,45,0.9092741935483871
17,497,45,0.9094567404426559
17,498,45,0.9096385542168675
17,499,45,0.9098196392785571
17,500,45,0.91
33,1,1,0
33,2,2,0
33,3,3,0
33,4,4,0
33,5,5,0
33,6,6,0
33,7,7,0
33,8,8,0
33,9,8,0.11111111111111116
33,10,8,0.19999999999999996
33,11,9,0.18181818181818177
33,12,10,0.16666666666666663
33,13,10,0.23076923076923073
33,14,10,0.2857142857142857
33,15,11,0.2666666666666667
33,16,11,0.3125
33,17,11,0.3529411764705882
33,18,11,0.38888888888888884
33,19,11,0.42105263157894735
33,20,11,0.44999999999999996
33,21,11,0.47619047619047616
33,22,11,0.5
33,23,11,0.5217391304347826
33,24,11,0.5416666666666667
33,25,11,0.56
33,26,11,0.5769230769230769
33,27,11,0.5925925925925926
33,28,11,0.6071428571428572
33,29,11,0.6206896551724138
33,30,11,0.6333333333333333
33,31,11,0.6451612903225806
33,32,11,0.65625
33,33,11,0.6666666666666667
33,34,11,0.6764705882352942
33,35,11,0.6857142857142857
33,36,11,0.6944444444444444
33,37,12,0.6756756756756757
33,38,12,0.6842105263157895
33,39,12,0.6923076923076923
33,40,12,0.7
33,41,12,0.7073170731707317
33,42,12,0.7142857142857143
33,43,12,0.7209302325581395
33,44,12,0.7272727272727273
33,45,12,0.7333333333333334
33,46,12,0.7391304347826086
33,47,12,0.7446808510638299
33,48,12,0.75
33,49,12,0.7551020408163265
33,50,12,0.76
33,51,12,0.7647058823529411
33,52,12,0.7692307692307692
33,53,12,0.7735849056603774
33,54,12,0.7777777777777778
33,55,12,0.7818181818181819
33,56,12,0.7857142857142857
33,57,12,0.7894736842105263
33,58,12,0.7931034482758621
33,59,12,0.7966101694915254
33,60,12,0.8
33,61,12,0.8032786885245902
33,62,12,0.8064516129032258
33,63,12,0.8095238095238095
33,64,12,0.8125
33,65,12,0.8153846153846154
33,66,12,0.8181818181818181
33,67,12,0.8208955223880597
33,68,12,0.8235294117647058
33,69,12,0.8260869565217391
33,70,13,0.8142857142857143
33,71,13,0.8169014084507042
33,72,13,0.8194444444444444
33,73,13,0.821917808219178
33,74,13,0.8243243243243243
33,75,13,0.8266666666666667
33,76,13,0.8289473684210527
33,77,13,0.8311688311688312
33,78,13,0.8333333333333334
33,79,13,0.8354430379746836
33,80,13,0.8375
33,81,14,0.8271604938271605
33,82,14,0.8292682926829268
33,83,14,0.8313253012048193
33,84,14,0.8333333333333334
33,85,15,0.8235294117647058
33,86,16,0.813953488372093
33,87,16,0.8160919540229885
33,88,16,0.8181818181818181
33,89,16,0.8202247191011236
33,90,16,0.8222222222222222
33,91,16,0.8241758241758241
33,92,16,0.8260869565217391
33,93,17,0.8172043010752688
33,94,17,0.8191489361702128
33,95,17,0.8210526315789474
33,96,17,0.8229166666666666
33,97,18,0.8144329896907216
33,98,18,0.8163265306122449
33,99,18,0.8181818181818181
33,100,18,0.8200000000000001
33,101,18,0.8217821782178218
33,102,18,0.8235294117647058
33,103,18,0.8252427184466019
33,104,18,0.8269230769230769
33,105,18,0.8285714285714285
33,106,18,0.8301886792452831
33,107,18,0.8317757009345794
33,108,18,0.8333333333333334
33,109,18,0.8348623853211009
33,110,18,0.8363636363636364
33,111,18,0.8378378378378378
33,112,18,0.8392857142857143
33,113,18,0.8407079646017699
33,114,18,0.8421052631578947
33,115,18,0.8434782608695652
33,116,18,0.8448275862068966
33,117,18,0.8461538461538461
33,118,18,0.847457627118644
33,119,18,0.8487394957983193
33,120,19,0.8416666666666667
33,121,19,0.8429752066115702
33,122,19,0.8442622950819672
33,123,19,0.8455284552845528
33,124,19,0.8467741935483871
33,125,19,0.848
33,126,19,0.8492063492063492
33,127,19,0.8503937007874016
33,128,19,0.8515625
33,129,20,0.8449612403100775
33,130,20,0.8461538461538461
33,131,20,0.8473282442748091
33,132,20,0.8484848484848485
33,133,21,0.8421052631578947
33,134,21,0.8432835820895522
33,135,21,0.8444444444444444
33,136,21,0.8455882352941176
33,137,21,0.8467153284671532
33,138,21,0.8478260869565217
33,139,21,0.8489208633093526
33,140,21,0.85
33,141,21,0.851063829787234
33,142,21,0.852112676056338
33,143,21,0.8531468531468531
33,144,21,0.8541666666666666
33,145,21,0.8551724137931034
33,146,21,0.8561643835616438
33,147,21,0.8571428571428572
33,148,21,0.8581081081081081
33,149,21,0.8590604026845637
33,150,21,0.86
33,151,21,0.8609271523178808
33,152,21,0.8618421052631579
33,153,21,0.8627450980392157
33,154,21,0.8636363636363636
33,155,21,0.864516129032258
33,156,21,0.8653846153846154
33,157,21,0.8662420382165605
33,158,21,0.8670886075949367
33,159,21,0.8679245283018868
33,160,21,0.86875
33,161,21,0.8695652173913043
33,162,21,0.8703703703703703
33,163,21,0.8711656441717791
33,164,21,0.8719512195121951
33,165,21,0.8727272727272728
33,166,21,0.8734939759036144
33,167,21,0.874251497005988
33,168,21,0.875
33,169,21,0.8757396449704142
33,170,21,0.8764705882352941
33,171,21,0.8771929824561404
33,172,21,0.877906976744186
33,173,21,0.8786127167630058
33,174,21,0.8793103448275862
33,175,21,0.88
33,176,21,0.8806818181818181
33,177,21,0.8813559322033898
33,178,21,0.8820224719101124
33,179,22,0.8770949720670391
33,180,22,0.8777777777777778
33,181,22,0.8784530386740331
33,182,23,0.8736263736263736
33,183,23,0.8743169398907104
33,184,23,0.875
33,185,23,0.8756756756756756
33,186,23,0.8763440860215054
33,187,23,0.8770053475935828
33,188,23,0.8776595744680851
33,189,23,0.8783068783068784
33,190,23,0.8789473684210526
33,191,23,0.8795811518324608
33,192,23,0.8802083333333334
33,193,23,0.8808290155440415
33,194,23,0.8814432989690721
33,195,23,0.882051282051282
33,196,23,0.8826530612244898
33,197,23,0.883248730964467
33,198,23,0.8838383838383839
33,199,23,0.8844221105527639
33,200,23,0.885
33,201,23,0.8855721393034826
33,202,23,0.8861386138613861
33,203,23,0.8866995073891626
33,204,23,0.8872549019607843
33,205,23,0.8878048780487805
33,206,23,0.8883495145631068
33,207,23,0.8888888888888888
33,208,23,0.8894230769230769
33,209,23,0.8899521531100478
33,210,23,0.8904761904761904
33,211,23,0.8909952606635071
33,212,23,0.8915094339622641
33,213,23,0.892018779342723
33,214,23,0.8925233644859814
33,215,23,0.8930232558139535
33,216,23,0.8935185185185185
33,217,23,0.8940092165898618
33,218,23,0.8944954128440367
33,219,23,0.8949771689497716
33,220,23,0.8954545454545455
33,221,23,0.8959276018099548
33,222,23,0.8963963963963963
33,223,24,0.8923766816143498
33,224,24,0.8928571428571429
33,225,25,0.8888888888888888
33,226,26,0.8849557522123894
33,227,26,0.8854625550660793
33,228,26,0.8859649122807017
33,229,26,0.8864628820960698
33,230,26,0.8869565217391304
33,231,26,0.8874458874458875
33,232,26,0.8879310344827587
33,233,26,0.8884120171673819
33,234,26,0.8888888888888888
33,235,26,0.8893617021276596
33,236,26,0.8898305084745762
33,237,26,0.890295358649789
33,238,26,0.8907563025210083
33,239,26,0.891213389121339
33,240,26,0.8916666666666666
33,241,26,0.892116182572614
33,242,26,0.8925619834710744
33,243,26,0.8930041152263375
33,244,26,0.8934426229508197
33,245,26,0.8938775510204082
33,246,26,0.8943089430894309
33,247,26,0.8947368421052632
33,248,26,0.8951612903225806
33,249,26,0.8955823293172691
33,250,26,0.896
33,251,26,0.896414342629482
33,252,26,0.8968253968253969
33,253,26,0.8972332015810277
33,254,26,0.8976377952755905
33,255,26,0.8980392156862745
33,256,26,0.8984375
33,257,26,0.89883268482490275
33,258,26,0.8992248062015504
33,259,26,0.8996138996138996
33,260,27,0.8961538461538462
33,261,27,0.896551724137931
33,262,27,0.8969465648854962
33,263,27,0.8973384030418251
33,264,27,0.8977272727272727
33,265,27,0.8981132075471698
33,266,27,0.8984962406015038
33,267,27,0.898876404494382
33,268,27,0.8992537313432836
33,269,27,0.8996282527881041
33,270,27,0.9
33,271,27,0.9003690036900369
33,272,27,0.9007352941176471
33,273,27,0.9010989010989011
33,274,27,0.9014598540145985
33,275,27,0.9018181818181819
33,276,27,0.9021739130434783
33,277,27,0.9025270758122743
33,278,27,0.9028776978417266
33,279,27,0.9032258064516129
33,280,27,0.9035714285714286
33,281,27,0.9039145907473309
33,282,27,0.9042553191489362
33,283,27,0.9045936395759717
33,284,27,0.9049295774647887
33,285,27,0.9052631578947369
33,286,27,0.9055944055944056
33,287,27,0.9059233449477352
33,288,27,0.90625
33,289,27,0.9065743944636678
33,290,27,0.906896551724138
33,291,27,0.9072164948453608
33,292,27,0.9075342465753424
33,293,27,0.9078498293515358
33,294,27,0.9081632653061225
33,295,27,0.9084745762711864
33,296,27,0.9087837837837838
33,297,27,0.9090909090909091
33,298,27,0.9093959731543624
33,299,27,0.9096989966555185
33,300,27,0.91
33,301,27,0.9102990033222591
33,302,27,0.9105960264900662
33,303,27,0.9108910891089109
33,304,27,0.9111842105263158
33,305,27,0.9114754098360656
33,306,27,0.9117647058823529
33,307,27,0.9120521172638436
33,308,27,0.9123376623376623
33,309,27,0.912621359223301
33,310,27,0.9129032258064516
33,311,27,0.9131832797427653
33,312,27,0.9134615384615384
33,313,27,0.9137380191693291
33,314,27,0.9140127388535032
33,315,27,0.9142857142857143
33,316,27,0.9145569620253164
33,317,27,0.9148264984227129
33,318,27,0.9150943396226415
33,319,27,0.9153605015673981
33,320,27,0.915625
33,321,27,0.9158878504672897
33,322,27,0.9161490683229814
33,323,27,0.9164086687306502
33,324,27,0.9166666666666666
33,325,27,0.916923076923077
33,326,27,0.9171779141104295
33,327,27,0.9174311926605505
33,328,27,0.9176829268292683
33,329,27,0.9179331306990881
33,330,27,0.9181818181818182
33,331,27,0.918429003021148
33,332,27,0.9186746987951807
33,333,27,0.9189189189189189
33,334,27,0.9191616766467066
33,335,27,0.9194029850746268
33,336,27,0.9196428571428571
33,337,27,0.9198813056379822
33,338,27,0.9201183431952663
33,339,27,0.9203539823008849
33,340,27,0.9205882352941177
33,341,27,0.9208211143695014
33,342,27,0.9210526315789473
33,343,27,0.9212827988338192
33,344,28,0.9186046511627907
33,345,28,0.9188405797101449
33,346,28,0.9190751445086706
33,347,28,0.9193083573487032
33,348,28,0.9195402298850575
33,349,28,0.9197707736389684
33,350,28,0.92
33,351,28,0.9202279202279202
33,352,28,0.9204545454545454
33,353,28,0.9206798866855525
33,354,28,0.9209039548022598
33,355,28,0.9211267605633803
33,356,28,0.9213483146067416
33,357,28,0.9215686274509804
33,358,28,0.9217877094972067
33,359,28,0.9220055710306406
33,360,28,0.9222222222222223
33,361,29,0.9196675900277008
33,362,29,0.919889502762431
33,363,29,0.9201101928374655
33,364,29,0.9203296703296704
33,365,29,0.9205479452054794
33,366,29,0.9207650273224044
33,367,29,0.9209809264305178
33,368,29,0.9211956521739131
33,369,30,0.9186991869918699
33,370,30,0.9189189189189189
33,371,30,0.9191374663072777
33,372,30,0.9193548387096774
33,373,30,0.9195710455764075
33,374,30,0.9197860962566845
33,375,30,0.92
33,376,30,0.9202127659574468
33,377,30,0.9204244031830239
33,378,30,0.9206349206349207
33,379,30,0.920844327176781
33,380,30,0.9210526315789473
33,381,30,0.9212598425196851
33,382,30,0.9214659685863874
33,383,30,0.9216710182767625
33,384,30,0.921875
33,385,30,0.922077922077922
33,386,30,0.9222797927461139
33,387,30,0.9224806201550387
33,388,30,0.9226804123711341
33,389,30,0.922879177377892
33,390,30,0.9230769230769231
33,391,31,0.9207161125319693
33,392,31,0.9209183673469388
33,393,31,0.9211195928753181
33,394,31,0.9213197969543148
33,395,31,0.9215189873417722
33,396,31,0.9217171717171717
33,397,31,0.9219143576826196
33,398,31,0.9221105527638191
33,399,31,0.9223057644110275
33,400,31,0.9225
33,401,31,0.9226932668329177
33,402,31,0.9228855721393034
33,403,31,0.9230769230769231
33,404,31,0.9232673267326733
33,405,31,0.9234567901234568
33,406,31,0.9236453201970444
33,407,31,0.9238329238329238
33,408,31,0.9240196078431373
33,409,31,0.9242053789731052
33,410,31,0.9243902439024391
33,411,31,0.9245742092457421
33,412,31,0.9247572815533981
33,413,31,0.9249394673123487
33,414,31,0.9251207729468599
33,415,31,0.9253012048192771
33,416,31,0.9254807692307693
33,417,31,0.9256594724220624
33,418,31,0.9258373205741627
33,419,31,0.9260143198090692
33,420,31,0.9261904761904762
33,421,31,0.9263657957244655
33,422,31,0.9265402843601895
33,423,31,0.9267139479905437
33,424,31,0.9268867924528302
33,425,31,0.9270588235294117
33,426,31,0.9272300469483568
33,427,31,0.927400468384075
33,428,31,0.927570093457944
33,429,31,0.9277389277389277
33,430,31,0.9279069767441861
33,431,31,0.9280742459396751
33,432,31,0.9282407407407407
33,433,32,0.9260969976905312
33,434,32,0.9262672811059908
33,435,32,0.9264367816091954
33,436,32,0.926605504587156
33,437,32,0.9267734553775744
33,438,32,0.9269406392694064
33,439,32,0.9271070615034168
33,440,32,0.9272727272727272
33,441,32,0.927437641723356
33,442,32,0.9276018099547512
33,443,32,0.927765237020316
33,444,32,0.9279279279279279
33,445,32,0.9280898876404494
33,446,32,0.9282511210762332
33,447,32,0.9284116331096197
33,448,32,0.9285714285714286
33,449,32,0.9287305122494433
33,450,32,0.9288888888888889
33,451,32,0.9290465631929047
33,452,32,0.9292035398230089
33,453,32,0.9293598233995585
33,454,32,0.9295154185022027
33,455,32,0.9296703296703297
33,456,32,0.9298245614035088
33,457,32,0.9299781181619255
33,458,32,0.9301310043668123
33,459,32,0.9302832244008714
33,460,32,0.9304347826086956
33,461,32,0.93058568329718
33,462,32,0.9307359307359307
33,463,32,0.9308855291576674
33,464,32,0.9310344827586207
33,465,32,0.9311827956989247
33,466,32,0.9313304721030042
33,467,32,0.9314775160599572
33,468,32,0.9316239316239316
33,469,32,0.931769722814499
33,470,32,0.9319148936170213
33,471,32,0.9320594479830149
33,472,32,0.9322033898305084
33,473,32,0.9323467230443975
33,474,32,0.9324894514767933
33,475,32,0.9326315789473685
33,476,32,0.9327731092436975
33,477,32,0.9329140461215932
33,478,32,0.9330543933054394
33,479,32,0.9331941544885177
33,480,32,0.9333333333333333
33,481,32,0.9334719334719335
33,482,32,0.9336099585062241
33,483,32,0.9337474120082816
33,484,32,0.9338842975206612
33,485,32,0.934020618556701
33,486,32,0.934156378600823
33,487,32,0.9342915811088296
33,488,32,0.9344262295081968
33,489,32,0.934560327198364
33,490,32,0.9346938775510204
33,491,32,0.9348268839103869
33,492,32,0.9349593495934959
33,493,32,0.9350912778904665
33,494,32,0.9352226720647774
33,495,32,0.9353535353535354
33,496,32,0.935483870967742
33,497,32,0.9356136820925554
33,498,32,0.9357429718875502
33,499,32,0.935871743486974
33,500,32,0.9359999999999999
529,1,1,0
529,2,2,0
529,3,3,0
529,4,4,0
529,5,5,0
529,6,6,0
529,7,6,0.1428571428571429
529,8,6,0.25
529,9,7,0.2222222222222222
529,10,7,0.30000000000000004
529,11,7,0.36363636363636365
529,12,7,0.41666666666666663
529,13,7,0.46153846153846156
529,14,8,0.4285714285714286
529,15,8,0.4666666666666667
529,16,8,0.5
529,17,9,0.47058823529411764
529,18,9,0.5
529,19,10,0.4736842105263158
529,20,10,0.5
529,21,11,0.47619047619047616
529,22,11,0.5
529,23,11,0.5217391304347826
529,24,11,0.5416666666666667
529,25,11,0.56
529,26,11,0.5769230769230769
529,27,11,0.5925925925925926
529,28,11,0.6071428571428572
529,29,11,0.6206896551724138
529,30,11,0.6333333333333333
529,31,11,0.6451612903225806
529,32,12,0.625
529,33,12,0.6363636363636364
529,34,12,0.6470588235294117
529,35,12,0.6571428571428571
529,36,12,0.6666666666666667
529,37,12,0.6756756756756757
529,38,12,0.6842105263157895
529,39,12,0.6923076923076923
529,40,12,0.7
529,41,12,0.7073170731707317
529,42,12,0.7142857142857143
529,43,12,0.7209302325581395
529,44,12,0.7272727272727273
529,45,13,0.7111111111111111
529,46,13,0.7173913043478262
529,47,13,0.7234042553191489
529,48,13,0.7291666666666667
529,49,13,0.7346938775510203
529,50,13,0.74
529,51,13,0.7450980392156863
529,52,13,0.75
529,53,13,0.7547169811320755
529,54,14,0.7407407407407407
529,55,15,0.7272727272727273
529,56,15,0.7321428571428572
529,57,16,0.7192982456140351
529,58,17,0.7068965517241379
529,59,18,0.6949152542372881
529,60,18,0.7
529,61,18,0.7049180327868853
529,62,18,0.7096774193548387
529,63,18,0.7142857142857143
529,64,18,0.71875
529,65,18,0.7230769230769231
529,66,18,0.7272727272727273
529,67,18,0.7313432835820896
529,68,18,0.7352941176470589
529,69,19,0.7246376811594203
529,70,19,0.7285714285714286
529,71,19,0.7323943661971831
529,72,19,0.7361111111111112
529,73,19,0.7397260273972603
529,74,19,0.7432432432432432
529,75,19,0.7466666666666666
529,76,19,0.75
529,77,19,0.7532467532467533
529,78,19,0.7564102564102564
529,79,19,0.759493670886076
529,80,19,0.7625
529,81,19,0.7654320987654322
529,82,19,0.7682926829268293
529,83,19,0.7710843373493976
529,84,19,0.7738095238095238
529,85,19,0.7764705882352941
529,86,19,0.7790697674418605
529,87,19,0.7816091954022988
529,88,19,0.7840909090909091
529,89,19,0.7865168539325843
529,90,19,0.7888888888888889
529,91,19,0.7912087912087912
529,92,19,0.7934782608695652
529,93,19,0.7956989247311828
529,94,19,0.7978723404255319
529,95,19,0.8
529,96,19,0.8020833333333334
529,97,19,0.8041237113402062
529,98,19,0.8061224489795918
529,99,20,0.797979797979798
529,100,20,0.8
529,101,20,0.801980198019802
529,102,20,0.803921568627451
529,103,20,0.8058252427184466
529,104,20,0.8076923076923077
529,105,21,0.8
529,106,21,0.8018867924528301
529,107,21,0.8037383177570093
529,108,21,0.8055555555555556
529,109,21,0.8073394495412844
529,110,21,0.8090909090909091
529,111,22,0.8018018018018018
529,112,22,0.8035714285714286
529,113,22,0.8053097345132744
529,114,22,0.8070175438596492
529,115,22,0.808695652173913
529,116,22,0.8103448275862069
529,117,22,0.811965811965812
529,118,22,0.8135593220338984
529,119,22,0.8151260504201681
529,120,22,0.8166666666666667
529,121,22,0.8181818181818181
529,122,23,0.8114754098360656
529,123,23,0.8130081300813008
529,124,23,0.814516129032258
529,125,23,0.8160000000000001
529,126,23,0.8174603174603174
529,127,23,0.8188976377952756
529,128,23,0.8203125
529,129,24,0.813953488372093
529,130,24,0.8153846153846154
529,131,24,0.816793893129771
529,132,24,0.8181818181818181
529,133,24,0.8195488721804511
529,134,24,0.8208955223880597
529,135,24,0.8222222222222222
529,136,24,0.8235294117647058
529,137,24,0.8248175182481752
529,138,24,0.8260869565217391
529,139,24,0.8273381294964028
529,140,24,0.8285714285714285
529,141,24,0.8297872340425532
529,142,24,0.8309859154929577
529,143,24,0.8321678321678322
529,144,24,0.8333333333333334
529,145,24,0.8344827586206897
529,146,24,0.8356164383561644
529,147,24,0.8367346938775511
529,148,24,0.8378378378378378
529,149,25,0.8322147651006712
529,150,25,0.8333333333333334
529,151,25,0.8344370860927153
529,152,25,0.8355263157894737
529,153,25,0.8366013071895425
529,154,25,0.8376623376623377
529,155,25,0.8387096774193549
529,156,25,0.8397435897435898
529,157,26,0.8343949044585988
529,158,26,0.8354430379746836
529,159,26,0.8364779874213837
529,160,26,0.8375
529,161,26,0.8385093167701864
529,162,26,0.8395061728395061
529,163,26,0.8404907975460123
529,164,26,0.8414634146341463
529,165,26,0.8424242424242424
529,166,26,0.8433734939759037
529,167,26,0.844311377245509
529,168,26,0.8452380952380952
529,169,27,0.8402366863905325
529,170,27,0.8411764705882353
529,171,27,0.8421052631578947
529,172,27,0.8430232558139534
529,173,27,0.8439306358381503
529,174,27,0.8448275862068966
529,175,27,0.8457142857142858
529,176,27,0.8465909090909091
529,177,27,0.847457627118644
529,178,28,0.8426966292134832
529,179,28,0.8435754189944134
529,180,28,0.8444444444444444
529,181,28,0.8453038674033149
529,182,28,0.8461538461538461
529,183,28,0.8469945355191257
529,184,28,0.8478260869565217
529,185,28,0.8486486486486486
529,186,28,0.8494623655913979
529,187,28,0.8502673796791445
529,188,28,0.851063829787234
529,189,28,0.8518518518518519
529,190,28,0.8526315789473684
529,191,28,0.8534031413612566
529,192,28,0.8541666666666666
529,193,28,0.8549222797927462
529,194,28,0.8556701030927836
529,195,29,0.8512820512820513
529,196,29,0.8520408163265306
529,197,29,0.8527918781725888
529,198,29,0.8535353535353536
529,199,29,0.8542713567839196
529,200,29,0.855
529,201,29,0.8557213930348259
529,202,29,0.8564356435643564
529,203,29,0.8571428571428572
529,204,29,0.857843137254902
529,205,29,0.8585365853658536
529,206,29,0.8592233009708738
529,207,29,0.8599033816425121
529,208,30,0.8557692307692308
529,209,30,0.8564593301435407
529,210,30,0.8571428571428572
529,211,30,0.8578199052132701
529,212,30,0.8584905660377359
529,213,30,0.8591549295774648
529,214,30,0.8598130841121495
529,215,30,0.8604651162790697
529,216,30,0.8611111111111112
529,217,30,0.8617511520737327
529,218,30,0.8623853211009174
529,219,30,0.863013698630137
529,220,30,0.8636363636363636
529,221,30,0.8642533936651584
529,222,30,0.8648648648648649
529,223,31,0.8609865470852018
529,224,32,0.8571428571428572
529,225,32,0.8577777777777778
529,226,32,0.8584070796460177
529,227,32,0.8590308370044053
529,228,32,0.8596491228070176
529,229,33,0.8558951965065502
529,230,33,0.8565217391304347
529,231,33,0.8571428571428572
529,232,33,0.8577586206896551
529,233,33,0.8583690987124464
529,234,33,0.858974358974359
529,235,33,0.8595744680851064
529,236,33,0.8601694915254238
529,237,33,0.8607594936708861
529,238,33,0.8613445378151261
529,239,34,0.8577405857740585
529,240,35,0.8541666666666666
529,241,35,0.8547717842323651
529,242,35,0.8553719008264463
529,243,35,0.8559670781893004
529,244,35,0.8565573770491803
529,245,35,0.8571428571428572
529,246,35,0.8577235772357723
529,247,35,0.8582995951417004
529,248,35,0.8588709677419355
529,249,35,0.8594377510040161
529,250,35,0.86
529,251,35,0.8605577689243028
529,252,35,0.8611111111111112
529,253,35,0.8616600790513834
529,254,35,0.8622047244094488
529,255,35,0.8627450980392157
529,256,35,0.86328125
529,257,35,0.8638132295719845
529,258,35,0.8643410852713178
529,259,35,0.8648648648648649
529,260,36,0.8615384615384616
529,261,36,0.8620689655172413
529,262,36,0.8625954198473282
529,263,36,0.8631178707224334
529,264,36,0.8636363636363636
529,265,36,0.8641509433962264
529,266,36,0.8646616541353384
529,267,36,0.8651685393258427
529,268,36,0.8656716417910448
529,269,36,0.8661710037174721
529,270,36,0.8666666666666667
529,271,36,0.8671586715867159
529,272,36,0.8676470588235294
529,273,36,0.8681318681318682
529,274,36,0.8686131386861313
529,275,36,0.8690909090909091
529,276,36,0.8695652173913043
529,277,36,0.8700361010830325
529,278,36,0.8705035971223022
529,279,36,0.8709677419354839
529,280,36,0.8714285714285714
529,281,36,0.8718861209964412
529,282,36,0.8723404255319149
529,283,36,0.872791519434629
529,284,37,0.869718309859155
529,285,37,0.8701754385964913
529,286,37,0.8706293706293706
529,287,37,0.8710801393728222
529,288,37,0.8715277777777778
529,289,37,0.8719723183391004
529,290,37,0.8724137931034482
529,291,37,0.872852233676976
529,292,38,0.8698630136986302
529,293,38,0.870307167235495
529,294,38,0.8707482993197279
529,295,38,0.8711864406779661
529,296,38,0.8716216216216216
529,297,38,0.8720538720538721
529,298,38,0.87248322147651
529,299,38,0.8729096989966555
529,300,38,0.8733333333333333
529,301,38,0.8737541528239203
529,302,38,0.8741721854304636
529,303,38,0.8745874587458746
529,304,38,0.875
529,305,38,0.8754098360655738
529,306,38,0.8758169934640523
529,307,39,0.8729641693811074
529,308,39,0.8733766233766234
529,309,39,0.8737864077669903
529,310,39,0.8741935483870968
529,311,39,0.8745980707395499
529,312,39,0.875
529,313,39,0.8753993610223643
529,314,39,0.8757961783439491
529,315,39,0.8761904761904762
529,316,39,0.8765822784810127
529,317,39,0.8769716088328076
529,318,39,0.8773584905660378
529,319,39,0.877742946708464
529,320,39,0.878125
529,321,39,0.8785046728971962
529,322,39,0.8788819875776397
529,323,39,0.8792569659442724
529,324,40,0.8765432098765432
529,325,40,0.8769230769230769
529,326,40,0.8773006134969326
529,327,40,0.8776758409785933
529,328,40,0.8780487804878049
529,329,40,0.878419452887538
529,330,40,0.8787878787878788
529,331,40,0.879154078549849
529,332,40,0.8795180722891567
529,333,40,0.8798798798798799
529,334,41,0.8772455089820359
529,335,41,0.8776119402985074
529,336,41,0.8779761904761905
529,337,41,0.8783382789317508
529,338,41,0.878698224852071
529,339,41,0.8790560471976401
529,340,41,0.8794117647058823
529,341,41,0.8797653958944281
529,342,41,0.8801169590643275
529,343,41,0.880466472303207
529,344,41,0.8808139534883721
529,345,41,0.88115942028985506
529,346,41,0.8815028901734104
529,347,41,0.88184438040345825
529,348,41,0.882183908045977
529,349,41,0.8825214899713467
529,350,41,0.8828571428571429
529,351,41,0.8831908831908832
529,352,41,0.8835227272727273
529,353,41,0.8838526912181304
529,354,41,0.884180790960452
529,355,41,0.8845070422535212
529,356,41,0.8848314606741573
529,357,41,0.8851540616246498
529,358,41,0.8854748603351955
529,359,41,0.8857938718662952
529,360,41,0.8861111111111111
529,361,41,0.8864265927977839
529,362,41,0.8867403314917127
529,363,41,0.8870523415977961
529,364,41,0.8873626373626373
529,365,41,0.8876712328767123
529,366,42,0.8852459016393442
529,367,42,0.885558583106267
529,368,42,0.8858695652173914
529,369,42,0.8861788617886179
529,370,42,0.8864864864864865
529,371,42,0.8867924528301887
529,372,42,0.8870967741935484
529,373,42,0.8873994638069705
529,374,42,0.8877005347593583
529,375,42,0.888
529,376,42,0.8882978723404256
529,377,42,0.8885941644562334
529,378,42,0.8888888888888888
529,379,42,0.8891820580474934
529,380,42,0.8894736842105263
529,381,42,0.889763779527559
529,382,42,0.8900523560209423
529,383,43,0.8877284595300261
529,384,43,0.8880208333333334
529,385,43,0.8883116883116883
529,386,43,0.8886010362694301
529,387,43,0.8888888888888888
529,388,43,0.8891752577319587
529,389,43,0.8894601542416453
529,390,43,0.8897435897435897
529,391,43,0.8900255754475703
529,392,43,0.8903061224489796
529,393,43,0.8905852417302799
529,394,43,0.8908629441624365
529,395,43,0.8911392405063291
529,396,43,0.8914141414141414
529,397,43,0.8916876574307304
529,398,43,0.8919597989949749
529,399,43,0.8922305764411027
529,400,43,0.8925
529,401,43,0.8927680798004988
529,402,43,0.8930348258706468
529,403,43,0.8933002481389578
529,404,43,0.8935643564356436
529,405,43,0.8938271604938272
529,406,43,0.8940886699507389
529,407,43,0.8943488943488943
529,408,43,0.8946078431372549
529,409,43,0.8948655256723717
529,410,43,0.8951219512195122
529,411,43,0.8953771289537713
529,412,43,0.8956310679611651
529,413,43,0.8958837772397095
529,414,43,0.8961352657004831
529,415,43,0.8963855421686747
529,416,43,0.8966346153846154
529,417,43,0.8968824940047961
529,418,43,0.8971291866028708
529,419,43,0.8973747016706444
529,420,43,0.8976190476190476
529,421,43,0.8978622327790974
529,422,43,0.8981042654028436
529,423,43,0.8983451536643026
529,424,43,0.8985849056603774
529,425,44,0.8964705882352941
529,426,44,0.8967136150234741
529,427,45,0.8946135831381733
529,428,45,0.8948598130841121
529,429,45,0.8951048951048951
529,430,46,0.8930232558139535
529,431,46,0.8932714617169374
529,432,46,0.8935185185185185
529,433,46,0.8937644341801385
529,434,46,0.8940092165898618
529,435,46,0.8942528735632184
529,436,46,0.8944954128440367
529,437,46,0.8947368421052632
529,438,46,0.8949771689497716
529,439,46,0.8952164009111617
529,440,46,0.8954545454545455
529,441,46,0.8956916099773242
529,442,46,0.8959276018099548
529,443,46,0.8961625282167043
529,444,46,0.8963963963963963
529,445,46,0.8966292134831461
529,446,46,0.8968609865470852
529,447,46,0.8970917225950783
529,448,46,0.8973214285714286
529,449,46,0.8975501113585747
529,450,46,0.8977777777777778
529,451,46,0.8980044345898004
529,452,46,0.8982300884955752
529,453,46,0.8984547461368654
529,454,46,0.8986784140969163
529,455,46,0.8989010989010989
529,456,46,0.8991228070175439
529,457,47,0.8971553610503282
529,458,47,0.8973799126637555
529,459,47,0.8976034858387799
529,460,47,0.8978260869565218
529,461,47,0.8980477223427332
529,462,47,0.8982683982683983
529,463,47,0.8984881209503239
529,464,47,0.8987068965517242
529,465,47,0.8989247311827957
529,466,47,0.8991416309012875
529,467,47,0.8993576017130621
529,468,47,0.8995726495726496
529,469,47,0.8997867803837953
529,470,47,0.9
529,471,47,0.9002123142250531
529,472,47,0.9004237288135594
529,473,47,0.9006342494714588
529,474,47,0.9008438818565401
529,475,47,0.9010526315789473
529,476,47,0.9012605042016807
529,477,47,0.9014675052410901
529,478,47,0.901673640167364
529,479,47,0.9018789144050104
529,480,47,0.9020833333333333
529,481,47,0.9022869022869022
529,482,47,0.9024896265560166
529,483,47,0.9026915113871635
529,484,47,0.9028925619834711
529,485,47,0.9030927835051547
529,486,47,0.9032921810699588
529,487,47,0.9034907597535934
529,488,47,0.9036885245901639
529,489,47,0.9038854805725971
529,490,47,0.9040816326530612
529,491,47,0.9042769857433809
529,492,47,0.9044715447154471
529,493,47,0.9046653144016227
529,494,47,0.9048582995951417
529,495,47,0.9050505050505051
529,496,47,0.905241935483871
529,497,47,0.9054325955734407
529,498,47,0.9056224899598394
529,499,47,0.905811623246493
529,500,47,0.906
